country_name, 2005,2006,2007,2008,2009,2010,2011,2012,2013,2014,2015,2016,2017,2018,2019,2020,2021,2022,
United States,NaN,7.182,7.513,7.280,7.158,7.164,7.115,7.026,7.249,7.151,6.864,6.804,6.992,6.883,6.944,7.028,6.959,6.693,
Japan,6.516,6.377*,6.238,5.911,5.845,6.057,6.263,5.968,5.959,5.923,5.880,5.955,5.911,5.794,5.908,6.118,6.091,6.178,
India,NaN,5.348,5.027,5.146,4.522,4.989,4.635,4.720,4.428,4.424,4.342,4.179,4.046,3.818,3.249,4.224,3.558,3.930,
France,7.093,6.583,6.796*,7.008,6.283,6.798,6.959,6.649,6.667,6.467,6.358,6.475,6.635,6.666,6.690,6.714,6.656,6.614,
China,NaN,4.560,4.863,4.846,4.454,4.653,5.037,5.095,5.241,5.196,5.304,5.325,5.099,5.131,5.144,5.771,5.863,NaN,
Portugal,NaN,5.405,5.561*,5.717,5.406*,5.095,5.220,4.994,5.158,5.127,5.081,5.447,5.711,5.920,6.095,5.768,6.183,5.953,
Ecuador,NaN,5.024,4.996,5.297,6.022,5.838,5.795,5.961,6.019,5.946,5.964,6.115,5.840,6.128,5.809,5.354,5.435,5.887,
Australia,7.341,7.313*,7.285,7.254,7.352*,7.450,7.406,7.196,7.364,7.289,7.309,7.250,7.257,7.177,7.234,7.137,7.112,7.035,
Philippines,NaN,4.670,5.074,4.589,4.880,4.942,4.994,5.002,4.977,5.313,5.547,5.431,5.594,5.869,6.268,5.080,5.965,NaN,
Spain,7.153,7.074*,6.995,7.294,6.199,6.188,6.518,6.291,6.150,6.456,6.381,6.319,6.230,6.513,6.457,6.502,6.470,6.337,
Maldives,NaN,NaN,NaN,NaN,NaN,NaN,NaN,NaN,NaN,NaN,NaN,NaN,NaN,5.198,NaN,NaN,NaN,NaN,
United Kingdom,6.984,6.893*,6.802,6.986,6.907,7.029,6.869,6.881,6.918,6.758,6.515,6.824,7.103,7.233,7.157,6.798,6.867,6.722,
Greece,6.006,6.327*,6.647,6.343*,6.039,5.840,5.372,5.096,4.720,4.756,5.623,5.303,5.148,5.409,5.952,5.788,6.104,5.900,
Denmark,8.019,7.926*,7.834,7.971,7.683,7.771,7.788,7.520,7.589,7.508,7.514,7.558,7.594,7.649,7.693,7.515,7.699,7.545,
Puerto Rico,NaN,NaN,NaN,NaN,6.418,6.850,6.592,6.611,6.532*,6.454*,6.375,NaN,NaN,NaN,NaN,NaN,NaN,NaN,
Canada,7.418,7.450*,7.482,7.486,7.488,7.650,7.426,7.415,7.594,7.304,7.413,7.245,7.415,7.175,7.109,7.025,6.939,6.918,
Argentina,NaN,6.313,6.073,5.961,6.424,6.441,6.776,6.468,6.582,6.671,6.697,6.427,6.039,5.793,6.086,5.901,5.908,6.261,
Chile,NaN,6.063,5.698,5.789,6.494,6.636,6.526,6.599,6.740,6.844,6.533,6.579,6.320,6.436,5.942,6.151,6.436,6.415,
Jamaica,NaN,6.208,6.041*,5.874*,5.708*,5.541*,5.374,5.541*,5.709,5.311,5.504*,5.697*,5.890,6.099*,6.309,5.425,5.814,5.870,
Oman,NaN,NaN,NaN,NaN,NaN,NaN,6.853,NaN,NaN,NaN,NaN,NaN,NaN,NaN,NaN,NaN,NaN,NaN,
Norway,NaN,7.416,7.524*,7.632,7.643*,7.655*,7.667*,7.678,7.561*,7.444,7.603,7.596,7.579,7.444,7.442,7.290,7.362,7.295,
Bahrain,NaN,NaN,NaN,NaN,5.701,5.937,4.824,5.027,6.690,6.165,6.007,6.170,6.227,6.662*,7.098,6.173,NaN,NaN,
Indonesia,NaN,4.947,5.101,4.815,5.472,5.457,5.173,5.368,5.292,5.597,5.043,5.136,5.098,5.340,5.347,4.828,5.433,5.585,
Mauritius,NaN,NaN,NaN,NaN,NaN,NaN,5.477,5.534*,5.591*,5.648,5.629*,5.610,6.174,5.882,6.241,6.015,5.949,5.741,
Sweden,7.376,7.309*,7.241,7.516,7.266,7.496,7.382,7.560,7.434,7.239,7.289,7.369,7.287,7.375,7.398,7.314,7.439,7.431,
Russia,NaN,4.964,5.223,5.619,5.158,5.385,5.389,5.621,5.537,6.037,5.996,5.855,5.579,5.514,5.441,5.495,5.448,6.044,
Trinidad and Tobago,NaN,5.832,6.264*,6.696,6.637*,6.578*,6.519,6.344*,6.168,6.174*,6.180*,6.186*,6.192,NaN,NaN,NaN,NaN,NaN,
Brazil,6.637,6.479*,6.321,6.691,7.001,6.837,7.038,6.660,7.140,6.981,6.547,6.375,6.333,6.191,6.451,6.110,6.010,6.257,
Italy,6.854,6.714*,6.574,6.780,6.334,6.354,6.057,5.839,6.009,6.027,5.848,5.955,6.199,6.517,6.445,6.488,6.467,6.258,
Malta,NaN,NaN,NaN,NaN,6.328,5.774,6.155,5.963,6.380,6.452,6.613,6.591,6.676,6.910,6.733,6.157,6.444,6.299,
Singapore,NaN,6.463,6.834,6.642,6.145,6.531,6.561,6.533,7.062,6.620,6.033,6.378,6.375,6.378,6.448*,6.517*,6.587,NaN,
Cyprus,NaN,6.238,6.436*,6.635*,6.833,6.387,6.690,6.181,5.439,5.627,5.439,5.795,6.062,6.276,6.137,6.260,6.269,5.865,
Comoros,NaN,NaN,NaN,NaN,3.476,3.812,3.838,3.956,3.959*,3.962*,3.965*,3.967*,3.970*,3.973,4.609,4.254*,3.900*,3.545,
Armenia,NaN,4.289,4.882,4.652,4.178,4.368,4.260,4.320,4.277,4.453,4.348,4.325,4.288,5.062,5.488,3.895*,2.301,5.382,
Azerbaijan,NaN,4.728,4.568,4.817,4.574,4.219,4.680,4.911,5.481,5.252,5.147,5.304,5.152,5.168,5.173,NaN,NaN,NaN,
Tajikistan,NaN,4.613,4.432,5.064,4.575,4.381,4.263,4.497,4.967,4.896,5.124,5.104,5.829,5.497,5.464,5.373,5.287,NaN,
Uzbekistan,NaN,5.232,5.271*,5.311,5.261,5.095,5.739,6.019,5.940,6.049,5.972,5.893,6.421,6.205,6.154,5.842,6.185,6.016,
Lesotho,NaN,NaN,NaN,NaN,NaN,NaN,4.898,4.680*,4.462*,4.244*,4.026*,3.808,3.795,3.654*,3.512,NaN,NaN,NaN,
Bangladesh,NaN,4.319,4.607,5.052,5.083,4.858,4.986,4.724,4.660,4.636,4.633,4.556,4.310,4.499,5.114,5.280,4.123,3.408,
Kyrgyzstan,NaN,4.641,4.698,4.737,5.069,4.996,4.921,5.208,5.402,5.252,4.905,4.857,5.630,5.297,5.685,6.250,5.564,5.668,
Mexico,6.581,6.553*,6.525,6.829,6.963,6.802,6.910,7.320,7.443,6.680,6.236,6.824,6.410,6.550,6.432,5.964,5.991,7.038,
Morocco,NaN,NaN,NaN,NaN,NaN,4.383,5.085,4.970,5.142,5.152*,5.163,5.386,5.312,4.897,5.057,4.803,5.326,4.596,
Colombia,NaN,6.025,6.138,6.168,6.272,6.408,6.464,6.375,6.607,6.449,6.388,6.234,6.157,5.984,6.350,5.709,5.290,5.892,
Tanzania,NaN,3.922,4.318,4.385,3.408,3.229,4.074,4.007,3.852,3.483,3.661,2.903,3.347,3.445,3.640,3.786,3.681,3.616,
Saudi Arabia,7.080,7.174*,7.267,6.811,6.148,6.307,6.700,6.396,6.495,6.278,6.345,6.474,6.294,6.356,6.561,6.560,6.445,6.382,
Netherlands,7.464,7.458*,7.452,7.631,7.566*,7.502,7.564,7.471,7.407,7.321,7.324,7.541,7.459,7.463,7.425,7.504,7.314,7.390,
Yemen,NaN,NaN,4.477,4.643*,4.809,4.350,3.746,4.061,4.218,3.968,2.983,3.826,3.254,3.058,4.197,NaN,NaN,NaN,
United Arab Emirates,NaN,6.734,6.778*,6.822*,6.866,7.097,7.119,7.218,6.621,6.540,6.568,6.831,7.039,6.604,6.711,6.458,6.733,6.738,
Kenya,NaN,4.223,4.576,4.015,4.270,4.256,4.405,4.547,3.795,4.905,4.358,4.396,4.476,4.656,4.619,4.547,4.465,4.448,
Turkey,4.719,5.171*,5.623,5.118,5.213,5.490,5.272,5.309,4.888,5.580,5.514,5.326,5.607,5.186,4.872,4.862,4.367,NaN,
Finland,NaN,7.672,7.671*,7.671,7.532*,7.393,7.354,7.420,7.445,7.385,7.448,7.660,7.788,7.858,7.780,7.889,7.794,7.729,
Malaysia,NaN,6.012,6.239,5.807,5.385,5.580,5.786,5.914,5.770,5.963,6.322,5.994*,5.667*,5.339,5.428,6.014,6.010,NaN,
Panama,NaN,6.128,6.894,6.931,7.034,7.321,7.248,6.860,6.866,6.631,6.606,6.118,6.568,6.281,6.086,6.319*,6.553,5.979,
Iran,5.308,5.322*,5.336,5.129,5.009*,4.888*,4.768,4.609,5.140,4.682,4.750,4.653,4.717,4.278,5.006,4.865,4.788,4.977,
Haiti,NaN,3.754,3.800*,3.846,3.806*,3.766,4.845,4.413,4.622,3.889,3.570,3.352,3.824,3.615,NaN,NaN,NaN,NaN,
Dominican Republic,NaN,5.088,5.081,4.842,5.432,4.735,5.397,4.753,5.016,5.387,5.062,5.239,5.605,5.433,6.004,5.168,6.031,5.518,
Croatia,NaN,NaN,5.821,5.627*,5.433,5.596,5.385,6.028,5.885,5.381,5.205,5.417,5.343,5.536,5.626,6.508,6.287,5.579,
Thailand,NaN,5.885,5.784,5.636,5.476,6.217,6.664,6.300,6.231,6.985,6.202,6.074,5.939,6.012,6.022,5.885,5.638,6.007,
Estonia,NaN,5.371,5.332,5.452,5.138,5.313*,5.487,5.364,5.367,5.556,5.629,5.650,5.938,6.091,6.035,6.453,6.554,6.357,
Congo (Kinshasa),NaN,NaN,NaN,NaN,3.984,4.251*,4.517,4.639,4.497,4.414,3.903,4.522,4.311,4.090*,3.869*,3.649*,3.428*,3.207,
Kuwait,NaN,6.076,6.246*,6.415*,6.585,6.798,6.378,6.221,6.480,6.180,6.146,5.947,6.094,6.100*,6.106,NaN,NaN,NaN,
Germany,6.620,6.518*,6.417,6.522,6.641,6.725,6.621,6.702,6.965,6.984,7.037,6.874,7.074,7.118,7.035,7.312,6.755,6.608,
Ireland,NaN,7.144,7.356*,7.568,7.046,7.257,7.007,6.965,6.760,7.018,6.830,7.041,7.060,6.962,7.255,7.035,6.828,6.870,
Myanmar (Burma),NaN,NaN,NaN,NaN,NaN,NaN,NaN,4.439,4.176,4.786,4.224,4.623,4.154,4.411,4.434,4.431,4.314,NaN,
Uganda,NaN,3.734,4.456,4.569,4.612,4.193,4.826,4.309,3.710,3.770,4.238,4.233,4.001,4.322,4.948,4.641,4.225,NaN,
Kazakhstan,NaN,5.476,5.719,5.886,5.383,5.514,5.736,5.759,5.835,5.970,5.950,5.534,5.882,6.008,6.272,6.168,6.260,6.006,
Gabon,NaN,NaN,NaN,NaN,NaN,NaN,4.255,3.972,3.800,3.918,4.661,4.832,4.782,4.783,4.914,4.887,5.075,5.140,
South Korea,NaN,5.332,5.767,5.390,5.648,6.116,6.947,6.003,5.959,5.801,5.780,5.971,5.874,5.840,5.903,5.793,6.113,5.950,
Mauritania,NaN,NaN,4.149,4.248,4.500,4.772,4.785,4.673,4.199,4.483,3.923,4.472,4.678,4.314,4.153,4.343*,4.534*,4.724,
Algeria,NaN,NaN,NaN,NaN,NaN,5.464,5.317,5.605,5.980*,6.355,5.848*,5.341,5.249,5.043,4.745,5.438,5.217,NaN,
Peru,NaN,4.811,5.214,5.129,5.519,5.613,5.892,5.825,5.783,5.866,5.577,5.701,5.711,5.680,5.999,4.994,5.694,5.892,
Angola,NaN,NaN,NaN,NaN,NaN,NaN,5.589,4.360,3.937,3.795,NaN,NaN,NaN,NaN,NaN,NaN,NaN,NaN,
Mozambique,NaN,4.595,4.833,4.654,4.760*,4.865*,4.971,4.866*,4.761*,4.655*,4.550,4.415*,4.280,4.654,4.932,5.055*,5.178,4.740,
Costa Rica,NaN,7.082,7.432,6.851,7.615,7.271,7.229,7.272,7.158,7.247,6.854,7.136,7.225,7.141,6.998,6.338,6.408,7.077,
El Salvador,NaN,5.701,5.296,5.191,6.839,6.740,4.741,5.934,6.325,5.857,6.018,6.140,6.339,6.241,6.455,5.462,6.431,6.492,
Guatemala,NaN,5.901,6.330,6.414,6.452,6.290,5.743,5.856,5.985,6.536,6.465,6.359,6.325,6.627,6.262,6.225*,6.187*,6.150,
Belize,NaN,NaN,6.451,6.380*,6.310*,6.239*,6.168*,6.097*,6.027*,5.956,NaN,NaN,NaN,NaN,NaN,NaN,NaN,NaN,
Venezuela,7.170,6.525,6.392*,6.258,7.189,7.478,6.580,7.067,6.553,6.136,5.569,4.041,5.071,5.006,5.081,4.574,5.108,5.949,
Guyana,NaN,NaN,5.993,NaN,NaN,NaN,NaN,NaN,NaN,NaN,NaN,NaN,NaN,NaN,NaN,NaN,NaN,NaN,
Honduras,NaN,5.397,5.097,5.420,6.033,5.866,4.961,4.602,4.713,5.056,4.845,5.648,6.020,5.908,5.930,6.114,5.932,NaN,
Nicaragua,NaN,4.460,4.944,5.104,5.353,5.687,5.386,5.448,5.772,6.275,5.924,6.013,6.476,5.819,6.113,6.287,6.095,6.392,
Malawi,NaN,3.830,4.891,5.019*,5.148,4.547*,3.946,4.279,4.035,4.563,3.868,3.476,3.417,3.335,3.869,3.752*,3.635,3.356,
Turkmenistan,NaN,NaN,NaN,NaN,6.568,6.180*,5.792,5.464,5.392,5.787,5.791,5.887,5.229,4.621,5.474,NaN,NaN,NaN,
Zambia,NaN,4.824,3.998,4.730,5.260,5.130*,4.999,5.013,5.244,4.346,4.843,4.348,3.933,4.041,3.307,4.838,3.082,NaN,
South Africa,NaN,5.084,5.204,5.346,5.218,4.652,4.931,5.134,3.661,4.828,4.887,4.770,4.514,4.884,5.035,4.947,5.599,NaN,
Lithuania,NaN,5.954,5.808,5.554,5.467,5.066,5.432,5.771,5.596,6.126,5.711,5.866,6.273,6.309,6.064,6.391,6.865,7.038,
Ethiopia,NaN,NaN,NaN,NaN,NaN,NaN,NaN,4.561,4.445,4.507,4.573,4.298,4.180,4.379,4.100,4.549,4.088*,3.628,
Ghana,NaN,4.535,5.220,4.965,4.198,4.606,5.608,5.057,4.965,3.860,3.986,4.514,5.481,5.004,4.967,5.319,4.378,4.191,
Slovenia,NaN,5.811,5.817*,5.824*,5.830,6.083,6.036,6.063,5.975,5.678,5.741,5.937,6.167,6.249,6.665,6.462,6.761,6.723,
Bosnia and Herzegovina,NaN,NaN,4.900,4.931*,4.963,4.669,4.995,4.773,5.124,5.249,5.117,5.181,5.090,5.887,6.016,5.516,5.749,NaN,
Jordan,6.295,5.947*,5.598,4.930,6.000,5.570,5.539,5.132,5.172,5.333,5.405,5.271,4.808,4.639,4.453,4.094,3.909,4.356,
Syria,NaN,NaN,NaN,5.323,4.979,4.465,4.038,3.164,2.688,3.075*,3.462,NaN,NaN,NaN,NaN,NaN,NaN,NaN,
Albania,NaN,NaN,4.634,5.059*,5.485,5.269,5.867,5.510,4.551,4.814,4.607,4.511,4.640,5.004,4.995,5.365,5.255,5.212,
Uruguay,NaN,5.786,5.694,5.664,6.296,6.062,6.554,6.450,6.444,6.561,6.628,6.171,6.336,6.372,6.600,6.310,6.502,6.671,
Mongolia,NaN,NaN,4.609,4.493,4.540*,4.586,5.031,4.885,4.913,4.825,4.983,5.057,5.334,5.465,5.563,6.011,5.721,5.788,
Rwanda,NaN,4.215,4.289*,4.363,4.030,4.064*,4.097,3.333,3.466,3.596,3.483,3.333,3.108,3.561,3.268,NaN,NaN,NaN,
Bolivia,NaN,5.374,5.628,5.298,6.086,5.781,5.779,6.019,5.767,5.865,5.834,5.770,5.651,5.916,5.674,5.559,5.569,5.929,
Cameroon,NaN,3.851,4.350,4.292,4.741,4.554,4.434,4.245,4.271,4.240,5.038,4.816,5.074,5.251,4.937,5.241,4.963,4.712,
Congo (Brazzaville),NaN,NaN,NaN,3.820,4.050*,4.280*,4.510,3.919,3.955,4.056,4.691,4.119,4.884,5.490,5.213,5.079,4.921,5.805,
Serbia,NaN,NaN,4.750,4.565*,4.380,4.461,4.815,5.155,5.102,5.113,5.318,5.753,5.122,5.936,6.241,6.042,6.245,NaN,
Montenegro,NaN,NaN,5.196,4.998*,4.801,5.455,5.223,5.219,5.074,5.283,5.125,5.304,5.615,5.650,5.386,5.722,NaN,NaN,
Benin,NaN,3.330,3.498*,3.667,3.735*,3.802*,3.870,3.193,3.479,3.347,3.625,4.007,4.853,5.820,4.976,4.408,4.493,4.217,
Nigeria,NaN,4.710,4.890,4.939,4.980,4.760,5.127*,5.493,4.818,4.875*,4.933,5.220,5.322,5.252,4.266,5.503,4.479,NaN,
Togo,NaN,3.202,3.005*,2.808,2.851*,2.893*,2.936,2.904*,2.871*,2.839,3.768,3.879,4.361,4.023,4.179,4.108*,4.037,4.239,
Laos,NaN,5.076,5.364,5.044,4.931*,4.817*,4.704,4.876,4.825*,4.775*,4.724*,4.674*,4.623,4.859,5.197,5.284,4.927,NaN,
Afghanistan,NaN,NaN,NaN,3.724,4.402,4.758,3.832,3.783,3.572,3.131,3.983,4.220,2.662,2.694,2.375,2.405*,2.436,1.281,
Ukraine,NaN,4.804,5.252,5.172,5.166,5.058,5.083,5.030,4.711,4.297,3.965,4.029,4.311,4.662,4.702,5.270,5.311,4.637,
Slovakia,NaN,5.265,5.462*,5.659*,5.855*,6.052,5.945,5.911,5.937,6.139,6.162,5.993,6.366,6.235,6.243,6.519,6.419,NaN,
Pakistan,5.225,5.448*,5.671,4.414,5.208,5.786,5.267,5.132,5.138,5.436,4.823,5.549,5.831,5.472,4.443,4.624,4.487,NaN,
Bulgaria,NaN,NaN,3.844,3.867*,3.889*,3.912,3.875,4.222,3.993,4.438,4.865,4.838,5.097,5.099,5.108,5.598,5.422,5.378,
Austria,NaN,7.122,7.152*,7.181,7.242*,7.303,7.471,7.401,7.499,6.950,7.076,7.048,7.294,7.396,7.195,7.213,7.080,6.999,
Eswatini,NaN,NaN,NaN,NaN,NaN,NaN,4.867,4.773*,4.680*,4.586*,4.493*,4.399*,4.306*,4.212,4.396,NaN,NaN,NaN,
Hungary,5.194,5.074*,4.954,4.925*,4.895,4.725,4.918,4.683,4.914,5.181,5.344,5.449,6.065,5.936,6.000,6.038,6.227,5.861,
Niger,NaN,3.737,4.277,4.236,4.267,4.101,4.556,3.798,3.716,4.181,3.671,4.235,4.616,5.164,5.004,4.836*,4.669*,4.501,
Luxembourg,NaN,NaN,NaN,NaN,6.958,7.097,7.101,6.964,7.131,6.891,6.702,6.967,7.061,7.243,7.404,7.345*,7.287*,7.228,
Ivory Coast,NaN,NaN,NaN,NaN,4.197,4.082*,3.968*,3.853*,3.739,3.570,4.445,4.543,5.038,5.268,5.392,5.257,5.056,4.849,
Liberia,NaN,NaN,3.701,4.221,4.208*,4.196,4.290*,4.383*,4.477*,4.571,2.702,3.355,4.424,4.135,5.121,4.761*,4.402*,4.042,
Sierra Leone,NaN,3.628,3.585,2.997,3.566*,4.134,4.502,4.508*,4.514,4.500,4.909,4.733,4.090,4.306,3.447,3.580*,3.714,2.560,
Belgium,7.262,7.240*,7.219,7.117,6.986*,6.854,7.111,6.935,7.104,6.855,6.904,6.949,6.928,6.892,6.772,6.839,6.882,6.857,
Iraq,NaN,NaN,NaN,4.590,4.775,5.065,4.725,4.660,4.725,4.542,4.493,4.413,4.462,4.886,4.835*,4.785,5.094,NaN,
Georgia,NaN,3.675,3.707,4.156,3.801,4.102,4.203,4.254,4.349,4.288,4.122,4.448,4.451,4.659,4.892,5.123,4.911,5.293,
Gambia,NaN,NaN,NaN,NaN,NaN,NaN,NaN,NaN,NaN,NaN,NaN,NaN,4.118,4.922,5.164,4.869*,4.574*,4.279,
Switzerland,NaN,7.473,7.490*,7.508*,7.525,7.609*,7.692*,7.776,7.635*,7.493,7.572,7.459,7.474,7.509,7.694,7.508,7.328,6.884,
Chad,NaN,3.435,4.141,4.632,3.639,3.743,4.393,4.033,3.508,3.460,4.323,4.029,4.559,4.486,4.251,4.300*,4.348*,4.397,
Kosovo,NaN,NaN,5.104,5.522,5.891,5.177,4.860,5.640,6.126,5.000,5.077,5.759,6.149,6.392,6.425,6.294,6.648,6.160,
Lebanon,5.491,4.653,4.624*,4.595,5.206,5.032,5.188,4.573,4.983,5.233,5.172,5.271,5.154,5.167,4.024,2.634,2.179,2.352,
Somaliland,NaN,NaN,NaN,NaN,4.991,4.657,4.931,5.057,NaN,NaN,NaN,NaN,NaN,NaN,NaN,NaN,NaN,NaN,
Djibouti,NaN,NaN,NaN,5.009,4.906,5.006,4.369,NaN,NaN,NaN,NaN,NaN,NaN,NaN,NaN,NaN,NaN,NaN,
Burundi,NaN,NaN,NaN,3.563,3.792,3.749*,3.706,3.439*,3.172*,2.905,3.122*,3.340*,3.558*,3.775,NaN,NaN,NaN,NaN,
Suriname,NaN,NaN,NaN,NaN,NaN,NaN,NaN,6.269,NaN,NaN,NaN,NaN,NaN,NaN,NaN,NaN,NaN,NaN,
Israel,NaN,7.173,6.841,7.261,7.353,7.359,7.433,7.111,7.321,7.401,7.079,7.159,7.331,6.927,7.332,7.195,7.578,7.662,
Senegal,NaN,4.417,4.680,4.683,4.335,4.372,3.834,3.669,3.647,4.395,4.617,4.595,4.683,4.769,5.489,4.757,4.903,4.907,
Guinea,NaN,NaN,NaN,NaN,NaN,NaN,4.045,3.652,3.902,3.412,3.505,3.603,4.874,5.252,4.768,4.972,4.945,5.317,
Poland,5.587,5.736*,5.886,5.829*,5.772,5.887,5.646,5.876,5.746,5.750,6.007,6.162,6.201,6.111,6.242,6.139,5.978,6.666,
North Macedonia,NaN,NaN,4.494,4.461*,4.428,4.180,4.898,4.640,5.186,5.204,4.976,5.346,5.234,5.240,5.015,5.054,5.535,5.167,
Paraguay,NaN,4.730,5.272,5.570,5.576,5.841,5.677,5.820,5.936,5.119,5.560,5.801,5.713,5.683*,5.653,5.501,5.576,6.138,
Belarus,NaN,5.658,5.617,5.463,5.564,5.526,5.225,5.749,5.876,5.812,5.719,5.178,5.553,5.234,5.821,NaN,NaN,NaN,
Latvia,NaN,4.710,4.667,5.145,4.669,4.967,5.125,5.070,5.729,5.881,5.940,5.978,5.901,5.970,6.229,6.353,6.055,NaN,
Burkina Faso,NaN,3.801,4.017,3.846,3.941*,4.036,4.785,3.955,3.326,3.481,4.419,4.206,4.647,4.927,4.741,4.640,4.636,NaN,
South Sudan,NaN,NaN,NaN,NaN,NaN,NaN,NaN,NaN,NaN,3.832,4.071,2.888,2.817,NaN,NaN,NaN,NaN,NaN,
Namibia,NaN,NaN,4.886,4.841*,4.797*,4.752*,4.708*,4.663*,4.619*,4.574,4.530*,4.485*,4.441,4.834,4.436,4.451,4.491,4.949,
Romania,5.049,5.222*,5.394,5.381*,5.368,4.909,5.023,5.167,5.082,5.727,5.777,5.969,6.090,6.151,6.130,6.785,6.549,6.437,
Zimbabwe,NaN,3.826,3.280,3.174,4.056,4.682,4.846,4.955,4.690,4.184,3.703,3.735,3.638,3.616,2.694,3.160,3.155,3.296,
Cambodia,NaN,3.569,4.156,4.462,4.111,4.141,4.161,3.899,3.674,3.883,4.162,4.461,4.586,5.122,4.998,4.377,4.555,4.250,
Sudan,NaN,NaN,NaN,NaN,4.455,4.435,4.314,4.550,4.345*,4.139,NaN,NaN,NaN,NaN,NaN,NaN,NaN,NaN,
Czechia,6.439,6.470*,6.500,6.417*,6.333*,6.250,6.331,6.334,6.698,6.484,6.608,6.736,6.790,7.034,6.966*,6.897,6.942,6.695,
Mali,NaN,4.014,4.065*,4.115,3.977,3.762,4.667,4.313,3.676,3.975,4.582,4.016,4.742,4.416,4.988,4.269,4.113,4.211,
Bhutan,NaN,NaN,NaN,NaN,NaN,NaN,NaN,NaN,5.569,4.939,5.082,NaN,NaN,NaN,NaN,NaN,NaN,NaN,
Botswana,NaN,4.739,5.095*,5.451,4.502*,3.553,3.520,4.836,4.128,4.031,3.762,3.499,3.505,3.461,3.471,3.459*,3.447*,3.435,
Moldova,NaN,5.102,4.775,5.503,5.554,5.590,5.792,5.996,5.756,5.917,6.017,5.578,5.326,5.682,5.803,5.812,5.959,5.687,
Central African Republic,NaN,NaN,4.160,3.963*,3.765*,3.568,3.422*,3.276*,3.131*,2.985*,2.839*,2.693,3.476,NaN,NaN,NaN,NaN,NaN,
New Zealand,NaN,7.305,7.604,7.381,7.303*,7.224,7.191,7.250,7.280,7.306,7.418,7.226,7.327,7.370,7.205,7.257,7.137,6.975,
Cuba,NaN,5.418,NaN,NaN,NaN,NaN,NaN,NaN,NaN,NaN,NaN,NaN,NaN,NaN,NaN,NaN,NaN,NaN,
Vietnam,NaN,5.294,5.422,5.480,5.304,5.296,5.767,5.535,5.023,5.085,5.076,5.062,5.175,5.296,5.467,5.462,5.540,6.267,
Tunisia,NaN,NaN,NaN,NaN,5.025,5.131,4.876,4.464,5.246,4.764,5.132,4.521,4.124,4.741,4.315,4.731,4.499,4.261,
Taiwan,NaN,6.189,5.869*,5.548,5.889*,6.229,6.309,6.126,6.340,6.363,6.450,6.513,6.359,6.467,6.537,6.751,6.247,6.607,
Madagascar,NaN,3.980,4.310*,4.640,4.554*,4.467*,4.381,3.551,3.816,3.676,3.593,3.663,4.079,4.071,4.339,4.232*,4.126*,4.019,
Iceland,NaN,NaN,NaN,6.888,7.064*,7.239*,7.415*,7.591,7.501,7.500*,7.498,7.510,7.476,7.505*,7.533,7.575,7.565,7.449,
Sri Lanka,NaN,4.345,4.415,4.431,4.212,3.977,4.181,4.225,4.365,4.268,4.612,4.472*,4.331,4.435,4.213,4.778,4.103,NaN,
Somalia,NaN,NaN,NaN,NaN,NaN,NaN,NaN,NaN,NaN,5.528,5.354,4.668,NaN,NaN,NaN,NaN,NaN,NaN,
Egypt,5.168,5.354*,5.541,4.632,5.066,4.669,4.174,4.204,3.559,4.885,4.763,4.557,3.929,4.005,4.328,4.472,4.026,4.024,
Libya,NaN,NaN,NaN,NaN,NaN,NaN,NaN,5.754,5.708*,5.661*,5.615,5.434,5.647,5.494,5.330,NaN,NaN,NaN,
Nepal,NaN,4.567,4.748,4.441,4.917,4.350,3.809,4.233,4.605,4.975,4.812,5.100,4.737,4.910,5.449,5.982,4.622,5.474,
Hong Kong,NaN,5.511,5.324*,5.137,5.397,5.643,5.474,5.484,5.484*,5.484,5.491*,5.498,5.362,5.511*,5.659,5.295,5.322,NaN,
West Bank and Gaza,NaN,4.716,4.151,4.386,4.470,4.703,4.751,4.647,4.844,4.722,4.695,4.907,4.628,4.554,4.483,4.625*,4.766*,4.908,
High Income Countries,NaN,NaN,6.488,6.691,6.311,6.473,6.468,6.451,6.485,6.446,6.473,6.505,6.588,6.652,6.677,6.681,6.702,6.678,
Northern America,NaN,7.182,7.498,7.383,7.323,7.407,7.271,7.220,7.421,7.228,7.139,7.024,7.204,7.029,7.027,7.027,6.949,6.806,
World,NaN,NaN,5.421,5.418,5.458,5.502,5.445,5.452,5.397,5.387,5.399,5.397,5.455,5.493,5.561,5.727,5.599,NaN,
Americas,NaN,NaN,6.003,5.942,6.460,6.322,6.190,6.218,6.269,6.162,6.069,6.004,6.107,6.059,6.204,5.841,6.034,6.271,
Eastern Asia,NaN,5.134,5.369,5.155,5.336,5.411,5.750,5.487,5.518,5.446,5.487,5.561,5.516,5.558,5.635,5.798,5.822,NaN,
Asia,NaN,5.151,5.278,5.112,5.304,5.301,5.317,5.168,5.228,5.314,5.189,5.321,5.253,5.205,5.341,5.393,5.116,NaN,
Lower Middle Income Countries,NaN,NaN,4.824,4.668,4.819,4.783,4.791,4.680,4.645,4.670,4.688,4.704,4.856,4.883,4.804,4.977,4.711,NaN,
Southern Asia,NaN,4.645,4.967,4.620,4.724,4.786,4.497,4.489,4.685,4.561,4.630,4.709,4.376,4.413,4.264,4.959,4.017,3.814,
Middle Income Countries,NaN,4.919,5.109,5.061,5.192,5.108,5.085,5.102,5.084,5.149,5.088,5.127,5.156,5.190,5.214,5.239,5.120,NaN,
Western Europe,7.110,7.104*,7.098*,7.092,6.852,7.046,7.138,7.128,7.129,6.994,6.996,7.045,7.132,7.184,7.174,7.182,7.003,6.940,
European Union,6.624,6.497*,6.370*,6.242*,6.115,6.203,6.206,6.164,6.177,6.200,6.239,6.329,6.461,6.551,6.570,6.632,6.632,6.585,
Europe,NaN,NaN,5.756,5.788*,5.819,5.917,5.971,6.106,6.019,6.086,6.137,6.191,6.270,6.354,6.418,6.476,6.524,6.487,
Upper Middle Income Countries,NaN,5.285,5.306,5.448,5.494,5.353,5.375,5.493,5.458,5.505,5.461,5.472,5.433,5.485,5.617,5.518,5.557,NaN,
Southern Europe,NaN,NaN,5.557,5.516*,5.475,5.414,5.545,5.464,5.443,5.462,5.470,5.589,5.598,5.898,5.969,5.948,6.136,5.936,
Latin America & Caribbean,NaN,NaN,5.846,5.797,6.369,6.213,6.092,6.123,6.159,6.060,5.963,5.897,6.002,5.951,6.118,5.701,5.932,6.212,
South America,NaN,NaN,5.703,5.783,6.288,6.293,6.308,6.319,6.357,6.244,6.130,5.921,5.917,5.945,5.965,5.616,5.753,6.129,
Australia & New Zealand,7.341,7.393*,7.444,7.317,7.327*,7.337,7.298,7.223,7.322,7.297,7.364,7.238,7.292,7.274,7.220,7.197,7.124,7.005,
Oceania,NaN,NaN,NaN,NaN,NaN,NaN,NaN,NaN,NaN,NaN,NaN,NaN,NaN,NaN,NaN,NaN,NaN,NaN,
South-Eastern Asia,NaN,5.240,5.497,5.309,5.253,5.452,5.476,5.318,5.276,5.529,5.326,5.309,5.193,5.403,5.395,5.170,5.441,NaN,
Northern Europe,NaN,NaN,6.281,6.838,6.311,6.711,6.556,6.782,6.704,6.768,6.798,6.905,7.000,6.988,7.059,7.061,7.103,7.160,
Caribbean,NaN,5.260,NaN,NaN,NaN,NaN,NaN,NaN,NaN,NaN,NaN,NaN,NaN,NaN,NaN,NaN,NaN,NaN,
Western Asia,NaN,NaN,NaN,NaN,5.535,5.503,5.478,5.236,5.322,5.489,5.215,5.469,5.445,5.332,NaN,NaN,NaN,NaN,
Sub-Saharan Africa,NaN,NaN,NaN,NaN,NaN,NaN,NaN,4.276,4.028,4.118*,4.208,4.118,4.353,4.534,4.497,NaN,NaN,NaN,
Eastern Africa,NaN,NaN,NaN,NaN,NaN,NaN,NaN,4.251,4.117,4.226,4.191,3.963,3.954,4.132,4.214,NaN,NaN,NaN,
Africa,NaN,NaN,NaN,NaN,NaN,NaN,NaN,4.406,4.096,4.215*,4.333,4.272,4.441,4.600,4.552,NaN,NaN,NaN,
Eastern Europe,NaN,NaN,5.272,5.313*,5.354,5.329,5.323,5.459,5.425,5.578,5.646,5.579,5.738,5.766,5.721,6.061,6.028,5.926,
Central Asia,NaN,4.990,5.120*,5.250,5.371,4.997,5.290,5.389,5.507,5.591,5.548,5.455,5.798,5.526,5.810,5.908,5.824,NaN,
Southern Africa,NaN,4.912,5.045,5.399,5.218,4.103,4.554,4.985,3.894,4.478,4.324,4.026,4.064,4.348,4.170,4.699,5.045,NaN,
Central America,NaN,NaN,6.121,6.106,6.613,6.568,6.031,6.185,6.323,6.280,6.135,6.320,6.480,6.367,6.325,6.033,6.235,6.521,
Northern Africa,NaN,NaN,NaN,NaN,NaN,4.816,4.753,4.924,4.980*,5.036,5.042*,5.048,4.852,4.836,4.755,NaN,NaN,NaN,
Low Income Countries,NaN,NaN,NaN,NaN,NaN,NaN,NaN,NaN,NaN,3.949,4.023,3.989*,3.955,NaN,NaN,NaN,NaN,NaN,
Middle Africa,NaN,NaN,NaN,NaN,NaN,NaN,4.616,4.195,3.995,3.981,4.075*,4.168,4.514,NaN,NaN,NaN,NaN,NaN,
Western Africa,NaN,3.930,3.998*,4.066,4.351,4.304,4.252*,4.200,3.998,4.041*,4.083,4.260,4.709,4.827,4.761,4.891,4.475,NaN,
