,Year,Country,Happiness Index
0,2005,Afghanistan,3.4269285714285713
1,2006,Afghanistan,3.4269285714285713
2,2007,Afghanistan,3.4269285714285713
3,2008,Afghanistan,3.724
4,2009,Afghanistan,4.402
5,2010,Afghanistan,4.758
6,2011,Afghanistan,3.832
7,2012,Afghanistan,3.783
8,2013,Afghanistan,3.572
9,2014,Afghanistan,3.131
10,2015,Afghanistan,3.983
11,2016,Afghanistan,4.22
12,2017,Afghanistan,2.662
13,2018,Afghanistan,2.694
14,2019,Afghanistan,2.375
15,2020,Afghanistan,2.405
16,2021,Afghanistan,2.436
17,2022,Afghanistan,3.4269285714285713
18,2005,Africa,4.364375
19,2006,Africa,4.364375
20,2007,Africa,4.364375
21,2008,Africa,4.364375
22,2009,Africa,4.364375
23,2010,Africa,4.364375
24,2011,Africa,4.364375
25,2012,Africa,4.406
26,2013,Africa,4.096
27,2014,Africa,4.215
28,2015,Africa,4.333
29,2016,Africa,4.272
30,2017,Africa,4.441
31,2018,Africa,4.6
32,2019,Africa,4.552
33,2020,Africa,4.364375
34,2021,Africa,4.364375
35,2022,Africa,4.364375
36,2005,Albania,5.037733333333334
37,2006,Albania,5.037733333333334
38,2007,Albania,4.634
39,2008,Albania,5.059
40,2009,Albania,5.485
41,2010,Albania,5.269
42,2011,Albania,5.867
43,2012,Albania,5.51
44,2013,Albania,4.551
45,2014,Albania,4.814
46,2015,Albania,4.607
47,2016,Albania,4.511
48,2017,Albania,4.64
49,2018,Albania,5.004
50,2019,Albania,4.995
51,2020,Albania,5.365
52,2021,Albania,5.255
53,2022,Albania,5.037733333333334
54,2005,Algeria,5.466833333333334
55,2006,Algeria,5.466833333333334
56,2007,Algeria,5.466833333333334
57,2008,Algeria,5.466833333333334
58,2009,Algeria,5.466833333333334
59,2010,Algeria,5.464
60,2011,Algeria,5.317
61,2012,Algeria,5.605
62,2013,Algeria,5.98
63,2014,Algeria,6.355
64,2015,Algeria,5.848
65,2016,Algeria,5.341
66,2017,Algeria,5.249
67,2018,Algeria,5.043
68,2019,Algeria,4.745
69,2020,Algeria,5.438
70,2021,Algeria,5.217
71,2022,Algeria,5.466833333333334
72,2005,Americas,6.1256
73,2006,Americas,6.1256
74,2007,Americas,6.003
75,2008,Americas,5.942
76,2009,Americas,6.46
77,2010,Americas,6.322
78,2011,Americas,6.19
79,2012,Americas,6.218
80,2013,Americas,6.269
81,2014,Americas,6.162
82,2015,Americas,6.069
83,2016,Americas,6.004
84,2017,Americas,6.107
85,2018,Americas,6.059
86,2019,Americas,6.204
87,2020,Americas,5.841
88,2021,Americas,6.034
89,2022,Americas,6.1256
90,2005,Angola,4.42025
91,2006,Angola,4.42025
92,2007,Angola,4.42025
93,2008,Angola,4.42025
94,2009,Angola,4.42025
95,2010,Angola,4.42025
96,2011,Angola,5.589
97,2012,Angola,4.36
98,2013,Angola,3.937
99,2014,Angola,3.795
100,2015,Angola,4.42025
101,2016,Angola,4.42025
102,2017,Angola,4.42025
103,2018,Angola,4.42025
104,2019,Angola,4.42025
105,2020,Angola,4.42025
106,2021,Angola,4.42025
107,2022,Angola,4.42025
108,2005,Argentina,6.285000000000001
109,2006,Argentina,6.313
110,2007,Argentina,6.073
111,2008,Argentina,5.961
112,2009,Argentina,6.424
113,2010,Argentina,6.441
114,2011,Argentina,6.776
115,2012,Argentina,6.468
116,2013,Argentina,6.582
117,2014,Argentina,6.671
118,2015,Argentina,6.697
119,2016,Argentina,6.427
120,2017,Argentina,6.039
121,2018,Argentina,5.793
122,2019,Argentina,6.086
123,2020,Argentina,5.901
124,2021,Argentina,5.908
125,2022,Argentina,6.285000000000001
126,2005,Armenia,4.336625000000001
127,2006,Armenia,4.289
128,2007,Armenia,4.882
129,2008,Armenia,4.652
130,2009,Armenia,4.178
131,2010,Armenia,4.368
132,2011,Armenia,4.26
133,2012,Armenia,4.32
134,2013,Armenia,4.277
135,2014,Armenia,4.453
136,2015,Armenia,4.348
137,2016,Armenia,4.325
138,2017,Armenia,4.288
139,2018,Armenia,5.062
140,2019,Armenia,5.488
141,2020,Armenia,3.895
142,2021,Armenia,2.301
143,2022,Armenia,4.336625000000001
144,2005,Asia,5.2494375
145,2006,Asia,5.151
146,2007,Asia,5.278
147,2008,Asia,5.112
148,2009,Asia,5.304
149,2010,Asia,5.301
150,2011,Asia,5.317
151,2012,Asia,5.168
152,2013,Asia,5.228
153,2014,Asia,5.314
154,2015,Asia,5.189
155,2016,Asia,5.321
156,2017,Asia,5.253
157,2018,Asia,5.205
158,2019,Asia,5.341
159,2020,Asia,5.393
160,2021,Asia,5.116
161,2022,Asia,5.2494375
162,2005,Australia,7.274062499999999
163,2006,Australia,7.313
164,2007,Australia,7.285
165,2008,Australia,7.254
166,2009,Australia,7.352
167,2010,Australia,7.45
168,2011,Australia,7.406
169,2012,Australia,7.196
170,2013,Australia,7.364
171,2014,Australia,7.289
172,2015,Australia,7.309
173,2016,Australia,7.25
174,2017,Australia,7.257
175,2018,Australia,7.177
176,2019,Australia,7.234
177,2020,Australia,7.137
178,2021,Australia,7.112
179,2022,Australia,7.274062499999999
180,2005,Australia & New Zealand,7.2916875
181,2006,Australia & New Zealand,7.393
182,2007,Australia & New Zealand,7.444
183,2008,Australia & New Zealand,7.317
184,2009,Australia & New Zealand,7.327
185,2010,Australia & New Zealand,7.337
186,2011,Australia & New Zealand,7.298
187,2012,Australia & New Zealand,7.223
188,2013,Australia & New Zealand,7.322
189,2014,Australia & New Zealand,7.297
190,2015,Australia & New Zealand,7.364
191,2016,Australia & New Zealand,7.238
192,2017,Australia & New Zealand,7.292
193,2018,Australia & New Zealand,7.274
194,2019,Australia & New Zealand,7.22
195,2020,Australia & New Zealand,7.197
196,2021,Australia & New Zealand,7.124
197,2022,Australia & New Zealand,7.2916875
198,2005,Austria,7.2264375
199,2006,Austria,7.122
200,2007,Austria,7.152
201,2008,Austria,7.181
202,2009,Austria,7.242
203,2010,Austria,7.303
204,2011,Austria,7.471
205,2012,Austria,7.401
206,2013,Austria,7.499
207,2014,Austria,6.95
208,2015,Austria,7.076
209,2016,Austria,7.048
210,2017,Austria,7.294
211,2018,Austria,7.396
212,2019,Austria,7.195
213,2020,Austria,7.213
214,2021,Austria,7.08
215,2022,Austria,7.2264375
216,2005,Azerbaijan,4.941
217,2006,Azerbaijan,4.728
218,2007,Azerbaijan,4.568
219,2008,Azerbaijan,4.817
220,2009,Azerbaijan,4.574
221,2010,Azerbaijan,4.219
222,2011,Azerbaijan,4.68
223,2012,Azerbaijan,4.911
224,2013,Azerbaijan,5.481
225,2014,Azerbaijan,5.252
226,2015,Azerbaijan,5.147
227,2016,Azerbaijan,5.304
228,2017,Azerbaijan,5.152
229,2018,Azerbaijan,5.168
230,2019,Azerbaijan,5.173
231,2020,Azerbaijan,4.941
232,2021,Azerbaijan,4.941
233,2022,Azerbaijan,4.941
234,2005,Bahrain,6.05675
235,2006,Bahrain,6.05675
236,2007,Bahrain,6.05675
237,2008,Bahrain,6.05675
238,2009,Bahrain,5.701
239,2010,Bahrain,5.937
240,2011,Bahrain,4.824
241,2012,Bahrain,5.027
242,2013,Bahrain,6.69
243,2014,Bahrain,6.165
244,2015,Bahrain,6.007
245,2016,Bahrain,6.17
246,2017,Bahrain,6.227
247,2018,Bahrain,6.662
248,2019,Bahrain,7.098
249,2020,Bahrain,6.173
250,2021,Bahrain,6.05675
251,2022,Bahrain,6.05675
252,2005,Bangladesh,4.715000000000001
253,2006,Bangladesh,4.319
254,2007,Bangladesh,4.607
255,2008,Bangladesh,5.052
256,2009,Bangladesh,5.083
257,2010,Bangladesh,4.858
258,2011,Bangladesh,4.986
259,2012,Bangladesh,4.724
260,2013,Bangladesh,4.66
261,2014,Bangladesh,4.636
262,2015,Bangladesh,4.633
263,2016,Bangladesh,4.556
264,2017,Bangladesh,4.31
265,2018,Bangladesh,4.499
266,2019,Bangladesh,5.114
267,2020,Bangladesh,5.28
268,2021,Bangladesh,4.123
269,2022,Bangladesh,4.715000000000001
270,2005,Belarus,5.571071428571429
271,2006,Belarus,5.658
272,2007,Belarus,5.617
273,2008,Belarus,5.463
274,2009,Belarus,5.564
275,2010,Belarus,5.526
276,2011,Belarus,5.225
277,2012,Belarus,5.749
278,2013,Belarus,5.876
279,2014,Belarus,5.812
280,2015,Belarus,5.719
281,2016,Belarus,5.178
282,2017,Belarus,5.553
283,2018,Belarus,5.234
284,2019,Belarus,5.821
285,2020,Belarus,5.571071428571429
286,2021,Belarus,5.571071428571429
287,2022,Belarus,5.571071428571429
288,2005,Belgium,6.974187500000001
289,2006,Belgium,7.24
290,2007,Belgium,7.219
291,2008,Belgium,7.117
292,2009,Belgium,6.986
293,2010,Belgium,6.854
294,2011,Belgium,7.111
295,2012,Belgium,6.935
296,2013,Belgium,7.104
297,2014,Belgium,6.855
298,2015,Belgium,6.904
299,2016,Belgium,6.949
300,2017,Belgium,6.928
301,2018,Belgium,6.892
302,2019,Belgium,6.772
303,2020,Belgium,6.839
304,2021,Belgium,6.882
305,2022,Belgium,6.974187500000001
306,2005,Belize,6.2035
307,2006,Belize,6.2035
308,2007,Belize,6.451
309,2008,Belize,6.38
310,2009,Belize,6.31
311,2010,Belize,6.239
312,2011,Belize,6.168
313,2012,Belize,6.097
314,2013,Belize,6.027
315,2014,Belize,5.956
316,2015,Belize,6.2035
317,2016,Belize,6.2035
318,2017,Belize,6.2035
319,2018,Belize,6.2035
320,2019,Belize,6.2035
321,2020,Belize,6.2035
322,2021,Belize,6.2035
323,2022,Belize,6.2035
324,2005,Benin,4.0064375
325,2006,Benin,3.33
326,2007,Benin,3.498
327,2008,Benin,3.667
328,2009,Benin,3.735
329,2010,Benin,3.802
330,2011,Benin,3.87
331,2012,Benin,3.193
332,2013,Benin,3.479
333,2014,Benin,3.347
334,2015,Benin,3.625
335,2016,Benin,4.007
336,2017,Benin,4.853
337,2018,Benin,5.82
338,2019,Benin,4.976
339,2020,Benin,4.408
340,2021,Benin,4.493
341,2022,Benin,4.0064375
342,2005,Bhutan,5.196666666666666
343,2006,Bhutan,5.196666666666666
344,2007,Bhutan,5.196666666666666
345,2008,Bhutan,5.196666666666666
346,2009,Bhutan,5.196666666666666
347,2010,Bhutan,5.196666666666666
348,2011,Bhutan,5.196666666666666
349,2012,Bhutan,5.196666666666666
350,2013,Bhutan,5.569
351,2014,Bhutan,4.939
352,2015,Bhutan,5.082
353,2016,Bhutan,5.196666666666666
354,2017,Bhutan,5.196666666666666
355,2018,Bhutan,5.196666666666666
356,2019,Bhutan,5.196666666666666
357,2020,Bhutan,5.196666666666666
358,2021,Bhutan,5.196666666666666
359,2022,Bhutan,5.196666666666666
360,2005,Bolivia,5.7231250000000005
361,2006,Bolivia,5.374
362,2007,Bolivia,5.628
363,2008,Bolivia,5.298
364,2009,Bolivia,6.086
365,2010,Bolivia,5.781
366,2011,Bolivia,5.779
367,2012,Bolivia,6.019
368,2013,Bolivia,5.767
369,2014,Bolivia,5.865
370,2015,Bolivia,5.834
371,2016,Bolivia,5.77
372,2017,Bolivia,5.651
373,2018,Bolivia,5.916
374,2019,Bolivia,5.674
375,2020,Bolivia,5.559
376,2021,Bolivia,5.569
377,2022,Bolivia,5.7231250000000005
378,2005,Bosnia and Herzegovina,5.210666666666667
379,2006,Bosnia and Herzegovina,5.210666666666667
380,2007,Bosnia and Herzegovina,4.9
381,2008,Bosnia and Herzegovina,4.931
382,2009,Bosnia and Herzegovina,4.963
383,2010,Bosnia and Herzegovina,4.669
384,2011,Bosnia and Herzegovina,4.995
385,2012,Bosnia and Herzegovina,4.773
386,2013,Bosnia and Herzegovina,5.124
387,2014,Bosnia and Herzegovina,5.249
388,2015,Bosnia and Herzegovina,5.117
389,2016,Bosnia and Herzegovina,5.181
390,2017,Bosnia and Herzegovina,5.09
391,2018,Bosnia and Herzegovina,5.887
392,2019,Bosnia and Herzegovina,6.016
393,2020,Bosnia and Herzegovina,5.516
394,2021,Bosnia and Herzegovina,5.749
395,2022,Bosnia and Herzegovina,5.210666666666667
396,2005,Botswana,4.0286875
397,2006,Botswana,4.739
398,2007,Botswana,5.095
399,2008,Botswana,5.451
400,2009,Botswana,4.502
401,2010,Botswana,3.553
402,2011,Botswana,3.52
403,2012,Botswana,4.836
404,2013,Botswana,4.128
405,2014,Botswana,4.031
406,2015,Botswana,3.762
407,2016,Botswana,3.499
408,2017,Botswana,3.505
409,2018,Botswana,3.461
410,2019,Botswana,3.471
411,2020,Botswana,3.459
412,2021,Botswana,3.447
413,2022,Botswana,4.0286875
414,2005,Brazil,6.5728125
415,2006,Brazil,6.479
416,2007,Brazil,6.321
417,2008,Brazil,6.691
418,2009,Brazil,7.001
419,2010,Brazil,6.837
420,2011,Brazil,7.038
421,2012,Brazil,6.66
422,2013,Brazil,7.14
423,2014,Brazil,6.981
424,2015,Brazil,6.547
425,2016,Brazil,6.375
426,2017,Brazil,6.333
427,2018,Brazil,6.191
428,2019,Brazil,6.451
429,2020,Brazil,6.11
430,2021,Brazil,6.01
431,2022,Brazil,6.5728125
432,2005,Bulgaria,4.5378
433,2006,Bulgaria,4.5378
434,2007,Bulgaria,3.844
435,2008,Bulgaria,3.867
436,2009,Bulgaria,3.889
437,2010,Bulgaria,3.912
438,2011,Bulgaria,3.875
439,2012,Bulgaria,4.222
440,2013,Bulgaria,3.993
441,2014,Bulgaria,4.438
442,2015,Bulgaria,4.865
443,2016,Bulgaria,4.838
444,2017,Bulgaria,5.097
445,2018,Bulgaria,5.099
446,2019,Bulgaria,5.108
447,2020,Bulgaria,5.598
448,2021,Bulgaria,5.422
449,2022,Bulgaria,4.5378
450,2005,Burkina Faso,4.21275
451,2006,Burkina Faso,3.801
452,2007,Burkina Faso,4.017
453,2008,Burkina Faso,3.846
454,2009,Burkina Faso,3.941
455,2010,Burkina Faso,4.036
456,2011,Burkina Faso,4.785
457,2012,Burkina Faso,3.955
458,2013,Burkina Faso,3.326
459,2014,Burkina Faso,3.481
460,2015,Burkina Faso,4.419
461,2016,Burkina Faso,4.206
462,2017,Burkina Faso,4.647
463,2018,Burkina Faso,4.927
464,2019,Burkina Faso,4.741
465,2020,Burkina Faso,4.64
466,2021,Burkina Faso,4.636
467,2022,Burkina Faso,4.21275
468,2005,Burundi,3.4655454545454543
469,2006,Burundi,3.4655454545454543
470,2007,Burundi,3.4655454545454543
471,2008,Burundi,3.563
472,2009,Burundi,3.792
473,2010,Burundi,3.749
474,2011,Burundi,3.706
475,2012,Burundi,3.439
476,2013,Burundi,3.172
477,2014,Burundi,2.905
478,2015,Burundi,3.122
479,2016,Burundi,3.34
480,2017,Burundi,3.558
481,2018,Burundi,3.775
482,2019,Burundi,3.4655454545454543
483,2020,Burundi,3.4655454545454543
484,2021,Burundi,3.4655454545454543
485,2022,Burundi,3.4655454545454543
486,2005,Cambodia,4.2698125
487,2006,Cambodia,3.569
488,2007,Cambodia,4.156
489,2008,Cambodia,4.462
490,2009,Cambodia,4.111
491,2010,Cambodia,4.141
492,2011,Cambodia,4.161
493,2012,Cambodia,3.899
494,2013,Cambodia,3.674
495,2014,Cambodia,3.883
496,2015,Cambodia,4.162
497,2016,Cambodia,4.461
498,2017,Cambodia,4.586
499,2018,Cambodia,5.122
500,2019,Cambodia,4.998
501,2020,Cambodia,4.377
502,2021,Cambodia,4.555
503,2022,Cambodia,4.2698125
504,2005,Cameroon,4.643625
505,2006,Cameroon,3.851
506,2007,Cameroon,4.35
507,2008,Cameroon,4.292
508,2009,Cameroon,4.741
509,2010,Cameroon,4.554
510,2011,Cameroon,4.434
511,2012,Cameroon,4.245
512,2013,Cameroon,4.271
513,2014,Cameroon,4.24
514,2015,Cameroon,5.038
515,2016,Cameroon,4.816
516,2017,Cameroon,5.074
517,2018,Cameroon,5.251
518,2019,Cameroon,4.937
519,2020,Cameroon,5.241
520,2021,Cameroon,4.963
521,2022,Cameroon,4.643625
522,2005,Canada,7.351000000000001
523,2006,Canada,7.45
524,2007,Canada,7.482
525,2008,Canada,7.486
526,2009,Canada,7.488
527,2010,Canada,7.65
528,2011,Canada,7.426
529,2012,Canada,7.415
530,2013,Canada,7.594
531,2014,Canada,7.304
532,2015,Canada,7.413
533,2016,Canada,7.245
534,2017,Canada,7.415
535,2018,Canada,7.175
536,2019,Canada,7.109
537,2020,Canada,7.025
538,2021,Canada,6.939
539,2022,Canada,7.351000000000001
540,2005,Caribbean,5.26
541,2006,Caribbean,5.26
542,2007,Caribbean,5.26
543,2008,Caribbean,5.26
544,2009,Caribbean,5.26
545,2010,Caribbean,5.26
546,2011,Caribbean,5.26
547,2012,Caribbean,5.26
548,2013,Caribbean,5.26
549,2014,Caribbean,5.26
550,2015,Caribbean,5.26
551,2016,Caribbean,5.26
552,2017,Caribbean,5.26
553,2018,Caribbean,5.26
554,2019,Caribbean,5.26
555,2020,Caribbean,5.26
556,2021,Caribbean,5.26
557,2022,Caribbean,5.26
558,2005,Central African Republic,3.388909090909091
559,2006,Central African Republic,3.388909090909091
560,2007,Central African Republic,4.16
561,2008,Central African Republic,3.963
562,2009,Central African Republic,3.765
563,2010,Central African Republic,3.568
564,2011,Central African Republic,3.422
565,2012,Central African Republic,3.276
566,2013,Central African Republic,3.131
567,2014,Central African Republic,2.985
568,2015,Central African Republic,2.839
569,2016,Central African Republic,2.693
570,2017,Central African Republic,3.476
571,2018,Central African Republic,3.388909090909091
572,2019,Central African Republic,3.388909090909091
573,2020,Central African Republic,3.388909090909091
574,2021,Central African Republic,3.388909090909091
575,2022,Central African Republic,3.388909090909091
576,2005,Central America,6.2748
577,2006,Central America,6.2748
578,2007,Central America,6.121
579,2008,Central America,6.106
580,2009,Central America,6.613
581,2010,Central America,6.568
582,2011,Central America,6.031
583,2012,Central America,6.185
584,2013,Central America,6.323
585,2014,Central America,6.28
586,2015,Central America,6.135
587,2016,Central America,6.32
588,2017,Central America,6.48
589,2018,Central America,6.367
590,2019,Central America,6.325
591,2020,Central America,6.033
592,2021,Central America,6.235
593,2022,Central America,6.2748
594,2005,Central Asia,5.460875
595,2006,Central Asia,4.99
596,2007,Central Asia,5.12
597,2008,Central Asia,5.25
598,2009,Central Asia,5.371
599,2010,Central Asia,4.997
600,2011,Central Asia,5.29
601,2012,Central Asia,5.389
602,2013,Central Asia,5.507
603,2014,Central Asia,5.591
604,2015,Central Asia,5.548
605,2016,Central Asia,5.455
606,2017,Central Asia,5.798
607,2018,Central Asia,5.526
608,2019,Central Asia,5.81
609,2020,Central Asia,5.908
610,2021,Central Asia,5.824
611,2022,Central Asia,5.460875
612,2005,Chad,4.08
613,2006,Chad,3.435
614,2007,Chad,4.141
615,2008,Chad,4.632
616,2009,Chad,3.639
617,2010,Chad,3.743
618,2011,Chad,4.393
619,2012,Chad,4.033
620,2013,Chad,3.508
621,2014,Chad,3.46
622,2015,Chad,4.323
623,2016,Chad,4.029
624,2017,Chad,4.559
625,2018,Chad,4.486
626,2019,Chad,4.251
627,2020,Chad,4.3
628,2021,Chad,4.348
629,2022,Chad,4.08
630,2005,Chile,6.361625
631,2006,Chile,6.063
632,2007,Chile,5.698
633,2008,Chile,5.789
634,2009,Chile,6.494
635,2010,Chile,6.636
636,2011,Chile,6.526
637,2012,Chile,6.599
638,2013,Chile,6.74
639,2014,Chile,6.844
640,2015,Chile,6.533
641,2016,Chile,6.579
642,2017,Chile,6.32
643,2018,Chile,6.436
644,2019,Chile,5.942
645,2020,Chile,6.151
646,2021,Chile,6.436
647,2022,Chile,6.361625
648,2005,China,5.098875
649,2006,China,4.56
650,2007,China,4.863
651,2008,China,4.846
652,2009,China,4.454
653,2010,China,4.653
654,2011,China,5.037
655,2012,China,5.095
656,2013,China,5.241
657,2014,China,5.196
658,2015,China,5.304
659,2016,China,5.325
660,2017,China,5.099
661,2018,China,5.131
662,2019,China,5.144
663,2020,China,5.771
664,2021,China,5.863
665,2022,China,5.098875
666,2005,Colombia,6.188625
667,2006,Colombia,6.025
668,2007,Colombia,6.138
669,2008,Colombia,6.168
670,2009,Colombia,6.272
671,2010,Colombia,6.408
672,2011,Colombia,6.464
673,2012,Colombia,6.375
674,2013,Colombia,6.607
675,2014,Colombia,6.449
676,2015,Colombia,6.388
677,2016,Colombia,6.234
678,2017,Colombia,6.157
679,2018,Colombia,5.984
680,2019,Colombia,6.35
681,2020,Colombia,5.709
682,2021,Colombia,5.29
683,2022,Colombia,6.188625
684,2005,Comoros,3.972384615384615
685,2006,Comoros,3.972384615384615
686,2007,Comoros,3.972384615384615
687,2008,Comoros,3.972384615384615
688,2009,Comoros,3.476
689,2010,Comoros,3.812
690,2011,Comoros,3.838
691,2012,Comoros,3.956
692,2013,Comoros,3.959
693,2014,Comoros,3.962
694,2015,Comoros,3.965
695,2016,Comoros,3.967
696,2017,Comoros,3.97
697,2018,Comoros,3.973
698,2019,Comoros,4.609
699,2020,Comoros,4.254
700,2021,Comoros,3.9
701,2022,Comoros,3.972384615384615
702,2005,Congo (Brazzaville),4.499071428571428
703,2006,Congo (Brazzaville),4.499071428571428
704,2007,Congo (Brazzaville),4.499071428571428
705,2008,Congo (Brazzaville),3.82
706,2009,Congo (Brazzaville),4.05
707,2010,Congo (Brazzaville),4.28
708,2011,Congo (Brazzaville),4.51
709,2012,Congo (Brazzaville),3.919
710,2013,Congo (Brazzaville),3.955
711,2014,Congo (Brazzaville),4.056
712,2015,Congo (Brazzaville),4.691
713,2016,Congo (Brazzaville),4.119
714,2017,Congo (Brazzaville),4.884
715,2018,Congo (Brazzaville),5.49
716,2019,Congo (Brazzaville),5.213
717,2020,Congo (Brazzaville),5.079
718,2021,Congo (Brazzaville),4.921
719,2022,Congo (Brazzaville),4.499071428571428
720,2005,Congo (Kinshasa),4.159538461538461
721,2006,Congo (Kinshasa),4.159538461538461
722,2007,Congo (Kinshasa),4.159538461538461
723,2008,Congo (Kinshasa),4.159538461538461
724,2009,Congo (Kinshasa),3.984
725,2010,Congo (Kinshasa),4.251
726,2011,Congo (Kinshasa),4.517
727,2012,Congo (Kinshasa),4.639
728,2013,Congo (Kinshasa),4.497
729,2014,Congo (Kinshasa),4.414
730,2015,Congo (Kinshasa),3.903
731,2016,Congo (Kinshasa),4.522
732,2017,Congo (Kinshasa),4.311
733,2018,Congo (Kinshasa),4.09
734,2019,Congo (Kinshasa),3.869
735,2020,Congo (Kinshasa),3.649
736,2021,Congo (Kinshasa),3.428
737,2022,Congo (Kinshasa),4.159538461538461
738,2005,Costa Rica,7.0785625
739,2006,Costa Rica,7.082
740,2007,Costa Rica,7.432
741,2008,Costa Rica,6.851
742,2009,Costa Rica,7.615
743,2010,Costa Rica,7.271
744,2011,Costa Rica,7.229
745,2012,Costa Rica,7.272
746,2013,Costa Rica,7.158
747,2014,Costa Rica,7.247
748,2015,Costa Rica,6.854
749,2016,Costa Rica,7.136
750,2017,Costa Rica,7.225
751,2018,Costa Rica,7.141
752,2019,Costa Rica,6.998
753,2020,Costa Rica,6.338
754,2021,Costa Rica,6.408
755,2022,Costa Rica,7.0785625
756,2005,Croatia,5.671866666666667
757,2006,Croatia,5.671866666666667
758,2007,Croatia,5.821
759,2008,Croatia,5.627
760,2009,Croatia,5.433
761,2010,Croatia,5.596
762,2011,Croatia,5.385
763,2012,Croatia,6.028
764,2013,Croatia,5.885
765,2014,Croatia,5.381
766,2015,Croatia,5.205
767,2016,Croatia,5.417
768,2017,Croatia,5.343
769,2018,Croatia,5.536
770,2019,Croatia,5.626
771,2020,Croatia,6.508
772,2021,Croatia,6.287
773,2022,Croatia,5.671866666666667
774,2005,Cuba,5.418
775,2006,Cuba,5.418
776,2007,Cuba,5.418
777,2008,Cuba,5.418
778,2009,Cuba,5.418
779,2010,Cuba,5.418
780,2011,Cuba,5.418
781,2012,Cuba,5.418
782,2013,Cuba,5.418
783,2014,Cuba,5.418
784,2015,Cuba,5.418
785,2016,Cuba,5.418
786,2017,Cuba,5.418
787,2018,Cuba,5.418
788,2019,Cuba,5.418
789,2020,Cuba,5.418
790,2021,Cuba,5.418
791,2022,Cuba,5.418
792,2005,Cyprus,6.1690000000000005
793,2006,Cyprus,6.238
794,2007,Cyprus,6.436
795,2008,Cyprus,6.635
796,2009,Cyprus,6.833
797,2010,Cyprus,6.387
798,2011,Cyprus,6.69
799,2012,Cyprus,6.181
800,2013,Cyprus,5.439
801,2014,Cyprus,5.627
802,2015,Cyprus,5.439
803,2016,Cyprus,5.795
804,2017,Cyprus,6.062
805,2018,Cyprus,6.276
806,2019,Cyprus,6.137
807,2020,Cyprus,6.26
808,2021,Cyprus,6.269
809,2022,Cyprus,6.1690000000000005
810,2005,Czechia,6.6118749999999995
811,2006,Czechia,6.47
812,2007,Czechia,6.5
813,2008,Czechia,6.417
814,2009,Czechia,6.333
815,2010,Czechia,6.25
816,2011,Czechia,6.331
817,2012,Czechia,6.334
818,2013,Czechia,6.698
819,2014,Czechia,6.484
820,2015,Czechia,6.608
821,2016,Czechia,6.736
822,2017,Czechia,6.79
823,2018,Czechia,7.034
824,2019,Czechia,6.966
825,2020,Czechia,6.897
826,2021,Czechia,6.942
827,2022,Czechia,6.6118749999999995
828,2005,Denmark,7.67575
829,2006,Denmark,7.926
830,2007,Denmark,7.834
831,2008,Denmark,7.971
832,2009,Denmark,7.683
833,2010,Denmark,7.771
834,2011,Denmark,7.788
835,2012,Denmark,7.52
836,2013,Denmark,7.589
837,2014,Denmark,7.508
838,2015,Denmark,7.514
839,2016,Denmark,7.558
840,2017,Denmark,7.594
841,2018,Denmark,7.649
842,2019,Denmark,7.693
843,2020,Denmark,7.515
844,2021,Denmark,7.699
845,2022,Denmark,7.67575
846,2005,Djibouti,4.8225
847,2006,Djibouti,4.8225
848,2007,Djibouti,4.8225
849,2008,Djibouti,5.009
850,2009,Djibouti,4.906
851,2010,Djibouti,5.006
852,2011,Djibouti,4.369
853,2012,Djibouti,4.8225
854,2013,Djibouti,4.8225
855,2014,Djibouti,4.8225
856,2015,Djibouti,4.8225
857,2016,Djibouti,4.8225
858,2017,Djibouti,4.8225
859,2018,Djibouti,4.8225
860,2019,Djibouti,4.8225
861,2020,Djibouti,4.8225
862,2021,Djibouti,4.8225
863,2022,Djibouti,4.8225
864,2005,Dominican Republic,5.267062500000001
865,2006,Dominican Republic,5.088
866,2007,Dominican Republic,5.081
867,2008,Dominican Republic,4.842
868,2009,Dominican Republic,5.432
869,2010,Dominican Republic,4.735
870,2011,Dominican Republic,5.397
871,2012,Dominican Republic,4.753
872,2013,Dominican Republic,5.016
873,2014,Dominican Republic,5.387
874,2015,Dominican Republic,5.062
875,2016,Dominican Republic,5.239
876,2017,Dominican Republic,5.605
877,2018,Dominican Republic,5.433
878,2019,Dominican Republic,6.004
879,2020,Dominican Republic,5.168
880,2021,Dominican Republic,6.031
881,2022,Dominican Republic,5.267062500000001
882,2005,Eastern Africa,4.131
883,2006,Eastern Africa,4.131
884,2007,Eastern Africa,4.131
885,2008,Eastern Africa,4.131
886,2009,Eastern Africa,4.131
887,2010,Eastern Africa,4.131
888,2011,Eastern Africa,4.131
889,2012,Eastern Africa,4.251
890,2013,Eastern Africa,4.117
891,2014,Eastern Africa,4.226
892,2015,Eastern Africa,4.191
893,2016,Eastern Africa,3.963
894,2017,Eastern Africa,3.954
895,2018,Eastern Africa,4.132
896,2019,Eastern Africa,4.214
897,2020,Eastern Africa,4.131
898,2021,Eastern Africa,4.131
899,2022,Eastern Africa,4.131
900,2005,Eastern Asia,5.4989375
901,2006,Eastern Asia,5.134
902,2007,Eastern Asia,5.369
903,2008,Eastern Asia,5.155
904,2009,Eastern Asia,5.336
905,2010,Eastern Asia,5.411
906,2011,Eastern Asia,5.75
907,2012,Eastern Asia,5.487
908,2013,Eastern Asia,5.518
909,2014,Eastern Asia,5.446
910,2015,Eastern Asia,5.487
911,2016,Eastern Asia,5.561
912,2017,Eastern Asia,5.516
913,2018,Eastern Asia,5.558
914,2019,Eastern Asia,5.635
915,2020,Eastern Asia,5.798
916,2021,Eastern Asia,5.822
917,2022,Eastern Asia,5.4989375
918,2005,Eastern Europe,5.5728
919,2006,Eastern Europe,5.5728
920,2007,Eastern Europe,5.272
921,2008,Eastern Europe,5.313
922,2009,Eastern Europe,5.354
923,2010,Eastern Europe,5.329
924,2011,Eastern Europe,5.323
925,2012,Eastern Europe,5.459
926,2013,Eastern Europe,5.425
927,2014,Eastern Europe,5.578
928,2015,Eastern Europe,5.646
929,2016,Eastern Europe,5.579
930,2017,Eastern Europe,5.738
931,2018,Eastern Europe,5.766
932,2019,Eastern Europe,5.721
933,2020,Eastern Europe,6.061
934,2021,Eastern Europe,6.028
935,2022,Eastern Europe,5.5728
936,2005,Ecuador,5.7214375
937,2006,Ecuador,5.024
938,2007,Ecuador,4.996
939,2008,Ecuador,5.297
940,2009,Ecuador,6.022
941,2010,Ecuador,5.838
942,2011,Ecuador,5.795
943,2012,Ecuador,5.961
944,2013,Ecuador,6.019
945,2014,Ecuador,5.946
946,2015,Ecuador,5.964
947,2016,Ecuador,6.115
948,2017,Ecuador,5.84
949,2018,Ecuador,6.128
950,2019,Ecuador,5.809
951,2020,Ecuador,5.354
952,2021,Ecuador,5.435
953,2022,Ecuador,5.7214375
954,2005,Egypt,4.51025
955,2006,Egypt,5.354
956,2007,Egypt,5.541
957,2008,Egypt,4.632
958,2009,Egypt,5.066
959,2010,Egypt,4.669
960,2011,Egypt,4.174
961,2012,Egypt,4.204
962,2013,Egypt,3.559
963,2014,Egypt,4.885
964,2015,Egypt,4.763
965,2016,Egypt,4.557
966,2017,Egypt,3.929
967,2018,Egypt,4.005
968,2019,Egypt,4.328
969,2020,Egypt,4.472
970,2021,Egypt,4.026
971,2022,Egypt,4.51025
972,2005,El Salvador,5.981875
973,2006,El Salvador,5.701
974,2007,El Salvador,5.296
975,2008,El Salvador,5.191
976,2009,El Salvador,6.839
977,2010,El Salvador,6.74
978,2011,El Salvador,4.741
979,2012,El Salvador,5.934
980,2013,El Salvador,6.325
981,2014,El Salvador,5.857
982,2015,El Salvador,6.018
983,2016,El Salvador,6.14
984,2017,El Salvador,6.339
985,2018,El Salvador,6.241
986,2019,El Salvador,6.455
987,2020,El Salvador,5.462
988,2021,El Salvador,6.431
989,2022,El Salvador,5.981875
990,2005,Estonia,5.670625
991,2006,Estonia,5.371
992,2007,Estonia,5.332
993,2008,Estonia,5.452
994,2009,Estonia,5.138
995,2010,Estonia,5.313
996,2011,Estonia,5.487
997,2012,Estonia,5.364
998,2013,Estonia,5.367
999,2014,Estonia,5.556
1000,2015,Estonia,5.629
1001,2016,Estonia,5.65
1002,2017,Estonia,5.938
1003,2018,Estonia,6.091
1004,2019,Estonia,6.035
1005,2020,Estonia,6.453
1006,2021,Estonia,6.554
1007,2022,Estonia,5.670625
1008,2005,Eswatini,4.523555555555556
1009,2006,Eswatini,4.523555555555556
1010,2007,Eswatini,4.523555555555556
1011,2008,Eswatini,4.523555555555556
1012,2009,Eswatini,4.523555555555556
1013,2010,Eswatini,4.523555555555556
1014,2011,Eswatini,4.867
1015,2012,Eswatini,4.773
1016,2013,Eswatini,4.68
1017,2014,Eswatini,4.586
1018,2015,Eswatini,4.493
1019,2016,Eswatini,4.399
1020,2017,Eswatini,4.306
1021,2018,Eswatini,4.212
1022,2019,Eswatini,4.396
1023,2020,Eswatini,4.523555555555556
1024,2021,Eswatini,4.523555555555556
1025,2022,Eswatini,4.523555555555556
1026,2005,Ethiopia,4.368
1027,2006,Ethiopia,4.368
1028,2007,Ethiopia,4.368
1029,2008,Ethiopia,4.368
1030,2009,Ethiopia,4.368
1031,2010,Ethiopia,4.368
1032,2011,Ethiopia,4.368
1033,2012,Ethiopia,4.561
1034,2013,Ethiopia,4.445
1035,2014,Ethiopia,4.507
1036,2015,Ethiopia,4.573
1037,2016,Ethiopia,4.298
1038,2017,Ethiopia,4.18
1039,2018,Ethiopia,4.379
1040,2019,Ethiopia,4.1
1041,2020,Ethiopia,4.549
1042,2021,Ethiopia,4.088
1043,2022,Ethiopia,4.368
1044,2005,Europe,6.122133333333334
1045,2006,Europe,6.122133333333334
1046,2007,Europe,5.756
1047,2008,Europe,5.788
1048,2009,Europe,5.819
1049,2010,Europe,5.917
1050,2011,Europe,5.971
1051,2012,Europe,6.106
1052,2013,Europe,6.019
1053,2014,Europe,6.086
1054,2015,Europe,6.137
1055,2016,Europe,6.191
1056,2017,Europe,6.27
1057,2018,Europe,6.354
1058,2019,Europe,6.418
1059,2020,Europe,6.476
1060,2021,Europe,6.524
1061,2022,Europe,6.122133333333334
1062,2005,European Union,6.3492500000000005
1063,2006,European Union,6.497
1064,2007,European Union,6.37
1065,2008,European Union,6.242
1066,2009,European Union,6.115
1067,2010,European Union,6.203
1068,2011,European Union,6.206
1069,2012,European Union,6.164
1070,2013,European Union,6.177
1071,2014,European Union,6.2
1072,2015,European Union,6.239
1073,2016,European Union,6.329
1074,2017,European Union,6.461
1075,2018,European Union,6.551
1076,2019,European Union,6.57
1077,2020,European Union,6.632
1078,2021,European Union,6.632
1079,2022,European Union,6.3492500000000005
1080,2005,Finland,7.609999999999999
1081,2006,Finland,7.672
1082,2007,Finland,7.671
1083,2008,Finland,7.671
1084,2009,Finland,7.532
1085,2010,Finland,7.393
1086,2011,Finland,7.354
1087,2012,Finland,7.42
1088,2013,Finland,7.445
1089,2014,Finland,7.385
1090,2015,Finland,7.448
1091,2016,Finland,7.66
1092,2017,Finland,7.788
1093,2018,Finland,7.858
1094,2019,Finland,7.78
1095,2020,Finland,7.889
1096,2021,Finland,7.794
1097,2022,Finland,7.609999999999999
1098,2005,France,6.65025
1099,2006,France,6.583
1100,2007,France,6.796
1101,2008,France,7.008
1102,2009,France,6.283
1103,2010,France,6.798
1104,2011,France,6.959
1105,2012,France,6.649
1106,2013,France,6.667
1107,2014,France,6.467
1108,2015,France,6.358
1109,2016,France,6.475
1110,2017,France,6.635
1111,2018,France,6.666
1112,2019,France,6.69
1113,2020,France,6.714
1114,2021,France,6.656
1115,2022,France,6.65025
1116,2005,Gabon,4.534454545454546
1117,2006,Gabon,4.534454545454546
1118,2007,Gabon,4.534454545454546
1119,2008,Gabon,4.534454545454546
1120,2009,Gabon,4.534454545454546
1121,2010,Gabon,4.534454545454546
1122,2011,Gabon,4.255
1123,2012,Gabon,3.972
1124,2013,Gabon,3.8
1125,2014,Gabon,3.918
1126,2015,Gabon,4.661
1127,2016,Gabon,4.832
1128,2017,Gabon,4.782
1129,2018,Gabon,4.783
1130,2019,Gabon,4.914
1131,2020,Gabon,4.887
1132,2021,Gabon,5.075
1133,2022,Gabon,4.534454545454546
1134,2005,Gambia,4.7294
1135,2006,Gambia,4.7294
1136,2007,Gambia,4.7294
1137,2008,Gambia,4.7294
1138,2009,Gambia,4.7294
1139,2010,Gambia,4.7294
1140,2011,Gambia,4.7294
1141,2012,Gambia,4.7294
1142,2013,Gambia,4.7294
1143,2014,Gambia,4.7294
1144,2015,Gambia,4.7294
1145,2016,Gambia,4.7294
1146,2017,Gambia,4.118
1147,2018,Gambia,4.922
1148,2019,Gambia,5.164
1149,2020,Gambia,4.869
1150,2021,Gambia,4.574
1151,2022,Gambia,4.7294
1152,2005,Georgia,4.3213125
1153,2006,Georgia,3.675
1154,2007,Georgia,3.707
1155,2008,Georgia,4.156
1156,2009,Georgia,3.801
1157,2010,Georgia,4.102
1158,2011,Georgia,4.203
1159,2012,Georgia,4.254
1160,2013,Georgia,4.349
1161,2014,Georgia,4.288
1162,2015,Georgia,4.122
1163,2016,Georgia,4.448
1164,2017,Georgia,4.451
1165,2018,Georgia,4.659
1166,2019,Georgia,4.892
1167,2020,Georgia,5.123
1168,2021,Georgia,4.911
1169,2022,Georgia,4.3213125
1170,2005,Germany,6.83125
1171,2006,Germany,6.518
1172,2007,Germany,6.417
1173,2008,Germany,6.522
1174,2009,Germany,6.641
1175,2010,Germany,6.725
1176,2011,Germany,6.621
1177,2012,Germany,6.702
1178,2013,Germany,6.965
1179,2014,Germany,6.984
1180,2015,Germany,7.037
1181,2016,Germany,6.874
1182,2017,Germany,7.074
1183,2018,Germany,7.118
1184,2019,Germany,7.035
1185,2020,Germany,7.312
1186,2021,Germany,6.755
1187,2022,Germany,6.83125
1188,2005,Ghana,4.7914375
1189,2006,Ghana,4.535
1190,2007,Ghana,5.22
1191,2008,Ghana,4.965
1192,2009,Ghana,4.198
1193,2010,Ghana,4.606
1194,2011,Ghana,5.608
1195,2012,Ghana,5.057
1196,2013,Ghana,4.965
1197,2014,Ghana,3.86
1198,2015,Ghana,3.986
1199,2016,Ghana,4.514
1200,2017,Ghana,5.481
1201,2018,Ghana,5.004
1202,2019,Ghana,4.967
1203,2020,Ghana,5.319
1204,2021,Ghana,4.378
1205,2022,Ghana,4.7914375
1206,2005,Greece,5.6541875
1207,2006,Greece,6.327
1208,2007,Greece,6.647
1209,2008,Greece,6.343
1210,2009,Greece,6.039
1211,2010,Greece,5.84
1212,2011,Greece,5.372
1213,2012,Greece,5.096
1214,2013,Greece,4.72
1215,2014,Greece,4.756
1216,2015,Greece,5.623
1217,2016,Greece,5.303
1218,2017,Greece,5.148
1219,2018,Greece,5.409
1220,2019,Greece,5.952
1221,2020,Greece,5.788
1222,2021,Greece,6.104
1223,2022,Greece,5.6541875
1224,2005,Guatemala,6.2473125
1225,2006,Guatemala,5.901
1226,2007,Guatemala,6.33
1227,2008,Guatemala,6.414
1228,2009,Guatemala,6.452
1229,2010,Guatemala,6.29
1230,2011,Guatemala,5.743
1231,2012,Guatemala,5.856
1232,2013,Guatemala,5.985
1233,2014,Guatemala,6.536
1234,2015,Guatemala,6.465
1235,2016,Guatemala,6.359
1236,2017,Guatemala,6.325
1237,2018,Guatemala,6.627
1238,2019,Guatemala,6.262
1239,2020,Guatemala,6.225
1240,2021,Guatemala,6.187
1241,2022,Guatemala,6.2473125
1242,2005,Guinea,4.266363636363637
1243,2006,Guinea,4.266363636363637
1244,2007,Guinea,4.266363636363637
1245,2008,Guinea,4.266363636363637
1246,2009,Guinea,4.266363636363637
1247,2010,Guinea,4.266363636363637
1248,2011,Guinea,4.045
1249,2012,Guinea,3.652
1250,2013,Guinea,3.902
1251,2014,Guinea,3.412
1252,2015,Guinea,3.505
1253,2016,Guinea,3.603
1254,2017,Guinea,4.874
1255,2018,Guinea,5.252
1256,2019,Guinea,4.768
1257,2020,Guinea,4.972
1258,2021,Guinea,4.945
1259,2022,Guinea,4.266363636363637
1260,2005,Guyana,5.993
1261,2006,Guyana,5.993
1262,2007,Guyana,5.993
1263,2008,Guyana,5.993
1264,2009,Guyana,5.993
1265,2010,Guyana,5.993
1266,2011,Guyana,5.993
1267,2012,Guyana,5.993
1268,2013,Guyana,5.993
1269,2014,Guyana,5.993
1270,2015,Guyana,5.993
1271,2016,Guyana,5.993
1272,2017,Guyana,5.993
1273,2018,Guyana,5.993
1274,2019,Guyana,5.993
1275,2020,Guyana,5.993
1276,2021,Guyana,5.993
1277,2022,Guyana,5.993
1278,2005,Haiti,3.9309230769230767
1279,2006,Haiti,3.754
1280,2007,Haiti,3.8
1281,2008,Haiti,3.846
1282,2009,Haiti,3.806
1283,2010,Haiti,3.766
1284,2011,Haiti,4.845
1285,2012,Haiti,4.413
1286,2013,Haiti,4.622
1287,2014,Haiti,3.889
1288,2015,Haiti,3.57
1289,2016,Haiti,3.352
1290,2017,Haiti,3.824
1291,2018,Haiti,3.615
1292,2019,Haiti,3.9309230769230767
1293,2020,Haiti,3.9309230769230767
1294,2021,Haiti,3.9309230769230767
1295,2022,Haiti,3.9309230769230767
1296,2005,High Income Countries,6.5394000000000005
1297,2006,High Income Countries,6.5394000000000005
1298,2007,High Income Countries,6.488
1299,2008,High Income Countries,6.691
1300,2009,High Income Countries,6.311
1301,2010,High Income Countries,6.473
1302,2011,High Income Countries,6.468
1303,2012,High Income Countries,6.451
1304,2013,High Income Countries,6.485
1305,2014,High Income Countries,6.446
1306,2015,High Income Countries,6.473
1307,2016,High Income Countries,6.505
1308,2017,High Income Countries,6.588
1309,2018,High Income Countries,6.652
1310,2019,High Income Countries,6.677
1311,2020,High Income Countries,6.681
1312,2021,High Income Countries,6.702
1313,2022,High Income Countries,6.5394000000000005
1314,2005,Honduras,5.471375
1315,2006,Honduras,5.397
1316,2007,Honduras,5.097
1317,2008,Honduras,5.42
1318,2009,Honduras,6.033
1319,2010,Honduras,5.866
1320,2011,Honduras,4.961
1321,2012,Honduras,4.602
1322,2013,Honduras,4.713
1323,2014,Honduras,5.056
1324,2015,Honduras,4.845
1325,2016,Honduras,5.648
1326,2017,Honduras,6.02
1327,2018,Honduras,5.908
1328,2019,Honduras,5.93
1329,2020,Honduras,6.114
1330,2021,Honduras,5.932
1331,2022,Honduras,5.471375
1332,2005,Hong Kong,5.4422500000000005
1333,2006,Hong Kong,5.511
1334,2007,Hong Kong,5.324
1335,2008,Hong Kong,5.137
1336,2009,Hong Kong,5.397
1337,2010,Hong Kong,5.643
1338,2011,Hong Kong,5.474
1339,2012,Hong Kong,5.484
1340,2013,Hong Kong,5.484
1341,2014,Hong Kong,5.484
1342,2015,Hong Kong,5.491
1343,2016,Hong Kong,5.498
1344,2017,Hong Kong,5.362
1345,2018,Hong Kong,5.511
1346,2019,Hong Kong,5.659
1347,2020,Hong Kong,5.295
1348,2021,Hong Kong,5.322
1349,2022,Hong Kong,5.4422500000000005
1350,2005,Hungary,5.333
1351,2006,Hungary,5.074
1352,2007,Hungary,4.954
1353,2008,Hungary,4.925
1354,2009,Hungary,4.895
1355,2010,Hungary,4.725
1356,2011,Hungary,4.918
1357,2012,Hungary,4.683
1358,2013,Hungary,4.914
1359,2014,Hungary,5.181
1360,2015,Hungary,5.344
1361,2016,Hungary,5.449
1362,2017,Hungary,6.065
1363,2018,Hungary,5.936
1364,2019,Hungary,6.0
1365,2020,Hungary,6.038
1366,2021,Hungary,6.227
1367,2022,Hungary,5.333
1368,2005,Iceland,7.418571428571428
1369,2006,Iceland,7.418571428571428
1370,2007,Iceland,7.418571428571428
1371,2008,Iceland,6.888
1372,2009,Iceland,7.064
1373,2010,Iceland,7.239
1374,2011,Iceland,7.415
1375,2012,Iceland,7.591
1376,2013,Iceland,7.501
1377,2014,Iceland,7.5
1378,2015,Iceland,7.498
1379,2016,Iceland,7.51
1380,2017,Iceland,7.476
1381,2018,Iceland,7.505
1382,2019,Iceland,7.533
1383,2020,Iceland,7.575
1384,2021,Iceland,7.565
1385,2022,Iceland,7.418571428571428
1386,2005,India,4.4159375
1387,2006,India,5.348
1388,2007,India,5.027
1389,2008,India,5.146
1390,2009,India,4.522
1391,2010,India,4.989
1392,2011,India,4.635
1393,2012,India,4.72
1394,2013,India,4.428
1395,2014,India,4.424
1396,2015,India,4.342
1397,2016,India,4.179
1398,2017,India,4.046
1399,2018,India,3.818
1400,2019,India,3.249
1401,2020,India,4.224
1402,2021,India,3.558
1403,2022,India,4.4159375
1404,2005,Indonesia,5.2154375
1405,2006,Indonesia,4.947
1406,2007,Indonesia,5.101
1407,2008,Indonesia,4.815
1408,2009,Indonesia,5.472
1409,2010,Indonesia,5.457
1410,2011,Indonesia,5.173
1411,2012,Indonesia,5.368
1412,2013,Indonesia,5.292
1413,2014,Indonesia,5.597
1414,2015,Indonesia,5.043
1415,2016,Indonesia,5.136
1416,2017,Indonesia,5.098
1417,2018,Indonesia,5.34
1418,2019,Indonesia,5.347
1419,2020,Indonesia,4.828
1420,2021,Indonesia,5.433
1421,2022,Indonesia,5.2154375
1422,2005,Iran,4.87125
1423,2006,Iran,5.322
1424,2007,Iran,5.336
1425,2008,Iran,5.129
1426,2009,Iran,5.009
1427,2010,Iran,4.888
1428,2011,Iran,4.768
1429,2012,Iran,4.609
1430,2013,Iran,5.14
1431,2014,Iran,4.682
1432,2015,Iran,4.75
1433,2016,Iran,4.653
1434,2017,Iran,4.717
1435,2018,Iran,4.278
1436,2019,Iran,5.006
1437,2020,Iran,4.865
1438,2021,Iran,4.788
1439,2022,Iran,4.87125
1440,2005,Iraq,4.7178571428571425
1441,2006,Iraq,4.7178571428571425
1442,2007,Iraq,4.7178571428571425
1443,2008,Iraq,4.59
1444,2009,Iraq,4.775
1445,2010,Iraq,5.065
1446,2011,Iraq,4.725
1447,2012,Iraq,4.66
1448,2013,Iraq,4.725
1449,2014,Iraq,4.542
1450,2015,Iraq,4.493
1451,2016,Iraq,4.413
1452,2017,Iraq,4.462
1453,2018,Iraq,4.886
1454,2019,Iraq,4.835
1455,2020,Iraq,4.785
1456,2021,Iraq,5.094
1457,2022,Iraq,4.7178571428571425
1458,2005,Ireland,7.07075
1459,2006,Ireland,7.144
1460,2007,Ireland,7.356
1461,2008,Ireland,7.568
1462,2009,Ireland,7.046
1463,2010,Ireland,7.257
1464,2011,Ireland,7.007
1465,2012,Ireland,6.965
1466,2013,Ireland,6.76
1467,2014,Ireland,7.018
1468,2015,Ireland,6.83
1469,2016,Ireland,7.041
1470,2017,Ireland,7.06
1471,2018,Ireland,6.962
1472,2019,Ireland,7.255
1473,2020,Ireland,7.035
1474,2021,Ireland,6.828
1475,2022,Ireland,7.07075
1476,2005,Israel,7.240875
1477,2006,Israel,7.173
1478,2007,Israel,6.841
1479,2008,Israel,7.261
1480,2009,Israel,7.353
1481,2010,Israel,7.359
1482,2011,Israel,7.433
1483,2012,Israel,7.111
1484,2013,Israel,7.321
1485,2014,Israel,7.401
1486,2015,Israel,7.079
1487,2016,Israel,7.159
1488,2017,Israel,7.331
1489,2018,Israel,6.927
1490,2019,Israel,7.332
1491,2020,Israel,7.195
1492,2021,Israel,7.578
1493,2022,Israel,7.240875
1494,2005,Italy,6.2879375
1495,2006,Italy,6.714
1496,2007,Italy,6.574
1497,2008,Italy,6.78
1498,2009,Italy,6.334
1499,2010,Italy,6.354
1500,2011,Italy,6.057
1501,2012,Italy,5.839
1502,2013,Italy,6.009
1503,2014,Italy,6.027
1504,2015,Italy,5.848
1505,2016,Italy,5.955
1506,2017,Italy,6.199
1507,2018,Italy,6.517
1508,2019,Italy,6.445
1509,2020,Italy,6.488
1510,2021,Italy,6.467
1511,2022,Italy,6.2879375
1512,2005,Ivory Coast,4.492923076923076
1513,2006,Ivory Coast,4.492923076923076
1514,2007,Ivory Coast,4.492923076923076
1515,2008,Ivory Coast,4.492923076923076
1516,2009,Ivory Coast,4.197
1517,2010,Ivory Coast,4.082
1518,2011,Ivory Coast,3.968
1519,2012,Ivory Coast,3.853
1520,2013,Ivory Coast,3.739
1521,2014,Ivory Coast,3.57
1522,2015,Ivory Coast,4.445
1523,2016,Ivory Coast,4.543
1524,2017,Ivory Coast,5.038
1525,2018,Ivory Coast,5.268
1526,2019,Ivory Coast,5.392
1527,2020,Ivory Coast,5.257
1528,2021,Ivory Coast,5.056
1529,2022,Ivory Coast,4.492923076923076
1530,2005,Jamaica,5.752812499999999
1531,2006,Jamaica,6.208
1532,2007,Jamaica,6.041
1533,2008,Jamaica,5.874
1534,2009,Jamaica,5.708
1535,2010,Jamaica,5.541
1536,2011,Jamaica,5.374
1537,2012,Jamaica,5.541
1538,2013,Jamaica,5.709
1539,2014,Jamaica,5.311
1540,2015,Jamaica,5.504
1541,2016,Jamaica,5.697
1542,2017,Jamaica,5.89
1543,2018,Jamaica,6.099
1544,2019,Jamaica,6.309
1545,2020,Jamaica,5.425
1546,2021,Jamaica,5.814
1547,2022,Jamaica,5.752812499999999
1548,2005,Japan,6.012375
1549,2006,Japan,6.377
1550,2007,Japan,6.238
1551,2008,Japan,5.911
1552,2009,Japan,5.845
1553,2010,Japan,6.057
1554,2011,Japan,6.263
1555,2012,Japan,5.968
1556,2013,Japan,5.959
1557,2014,Japan,5.923
1558,2015,Japan,5.88
1559,2016,Japan,5.955
1560,2017,Japan,5.911
1561,2018,Japan,5.794
1562,2019,Japan,5.908
1563,2020,Japan,6.118
1564,2021,Japan,6.091
1565,2022,Japan,6.012375
1566,2005,Jordan,5.112500000000001
1567,2006,Jordan,5.947
1568,2007,Jordan,5.598
1569,2008,Jordan,4.93
1570,2009,Jordan,6.0
1571,2010,Jordan,5.57
1572,2011,Jordan,5.539
1573,2012,Jordan,5.132
1574,2013,Jordan,5.172
1575,2014,Jordan,5.333
1576,2015,Jordan,5.405
1577,2016,Jordan,5.271
1578,2017,Jordan,4.808
1579,2018,Jordan,4.639
1580,2019,Jordan,4.453
1581,2020,Jordan,4.094
1582,2021,Jordan,3.909
1583,2022,Jordan,5.112500000000001
1584,2005,Kazakhstan,5.834499999999999
1585,2006,Kazakhstan,5.476
1586,2007,Kazakhstan,5.719
1587,2008,Kazakhstan,5.886
1588,2009,Kazakhstan,5.383
1589,2010,Kazakhstan,5.514
1590,2011,Kazakhstan,5.736
1591,2012,Kazakhstan,5.759
1592,2013,Kazakhstan,5.835
1593,2014,Kazakhstan,5.97
1594,2015,Kazakhstan,5.95
1595,2016,Kazakhstan,5.534
1596,2017,Kazakhstan,5.882
1597,2018,Kazakhstan,6.008
1598,2019,Kazakhstan,6.272
1599,2020,Kazakhstan,6.168
1600,2021,Kazakhstan,6.26
1601,2022,Kazakhstan,5.834499999999999
1602,2005,Kenya,4.4068125
1603,2006,Kenya,4.223
1604,2007,Kenya,4.576
1605,2008,Kenya,4.015
1606,2009,Kenya,4.27
1607,2010,Kenya,4.256
1608,2011,Kenya,4.405
1609,2012,Kenya,4.547
1610,2013,Kenya,3.795
1611,2014,Kenya,4.905
1612,2015,Kenya,4.358
1613,2016,Kenya,4.396
1614,2017,Kenya,4.476
1615,2018,Kenya,4.656
1616,2019,Kenya,4.619
1617,2020,Kenya,4.547
1618,2021,Kenya,4.465
1619,2022,Kenya,4.4068125
1620,2005,Kosovo,5.7376000000000005
1621,2006,Kosovo,5.7376000000000005
1622,2007,Kosovo,5.104
1623,2008,Kosovo,5.522
1624,2009,Kosovo,5.891
1625,2010,Kosovo,5.177
1626,2011,Kosovo,4.86
1627,2012,Kosovo,5.64
1628,2013,Kosovo,6.126
1629,2014,Kosovo,5.0
1630,2015,Kosovo,5.077
1631,2016,Kosovo,5.759
1632,2017,Kosovo,6.149
1633,2018,Kosovo,6.392
1634,2019,Kosovo,6.425
1635,2020,Kosovo,6.294
1636,2021,Kosovo,6.648
1637,2022,Kosovo,5.7376000000000005
1638,2005,Kuwait,6.269428571428571
1639,2006,Kuwait,6.076
1640,2007,Kuwait,6.246
1641,2008,Kuwait,6.415
1642,2009,Kuwait,6.585
1643,2010,Kuwait,6.798
1644,2011,Kuwait,6.378
1645,2012,Kuwait,6.221
1646,2013,Kuwait,6.48
1647,2014,Kuwait,6.18
1648,2015,Kuwait,6.146
1649,2016,Kuwait,5.947
1650,2017,Kuwait,6.094
1651,2018,Kuwait,6.1
1652,2019,Kuwait,6.106
1653,2020,Kuwait,6.269428571428571
1654,2021,Kuwait,6.269428571428571
1655,2022,Kuwait,6.269428571428571
1656,2005,Kyrgyzstan,5.1945
1657,2006,Kyrgyzstan,4.641
1658,2007,Kyrgyzstan,4.698
1659,2008,Kyrgyzstan,4.737
1660,2009,Kyrgyzstan,5.069
1661,2010,Kyrgyzstan,4.996
1662,2011,Kyrgyzstan,4.921
1663,2012,Kyrgyzstan,5.208
1664,2013,Kyrgyzstan,5.402
1665,2014,Kyrgyzstan,5.252
1666,2015,Kyrgyzstan,4.905
1667,2016,Kyrgyzstan,4.857
1668,2017,Kyrgyzstan,5.63
1669,2018,Kyrgyzstan,5.297
1670,2019,Kyrgyzstan,5.685
1671,2020,Kyrgyzstan,6.25
1672,2021,Kyrgyzstan,5.564
1673,2022,Kyrgyzstan,5.1945
1674,2005,Laos,4.918749999999999
1675,2006,Laos,5.076
1676,2007,Laos,5.364
1677,2008,Laos,5.044
1678,2009,Laos,4.931
1679,2010,Laos,4.817
1680,2011,Laos,4.704
1681,2012,Laos,4.876
1682,2013,Laos,4.825
1683,2014,Laos,4.775
1684,2015,Laos,4.724
1685,2016,Laos,4.674
1686,2017,Laos,4.623
1687,2018,Laos,4.859
1688,2019,Laos,5.197
1689,2020,Laos,5.284
1690,2021,Laos,4.927
1691,2022,Laos,4.918749999999999
1692,2005,Latin America & Caribbean,6.014866666666666
1693,2006,Latin America & Caribbean,6.014866666666666
1694,2007,Latin America & Caribbean,5.846
1695,2008,Latin America & Caribbean,5.797
1696,2009,Latin America & Caribbean,6.369
1697,2010,Latin America & Caribbean,6.213
1698,2011,Latin America & Caribbean,6.092
1699,2012,Latin America & Caribbean,6.123
1700,2013,Latin America & Caribbean,6.159
1701,2014,Latin America & Caribbean,6.06
1702,2015,Latin America & Caribbean,5.963
1703,2016,Latin America & Caribbean,5.897
1704,2017,Latin America & Caribbean,6.002
1705,2018,Latin America & Caribbean,5.951
1706,2019,Latin America & Caribbean,6.118
1707,2020,Latin America & Caribbean,5.701
1708,2021,Latin America & Caribbean,5.932
1709,2022,Latin America & Caribbean,6.014866666666666
1710,2005,Latvia,5.524312500000001
1711,2006,Latvia,4.71
1712,2007,Latvia,4.667
1713,2008,Latvia,5.145
1714,2009,Latvia,4.669
1715,2010,Latvia,4.967
1716,2011,Latvia,5.125
1717,2012,Latvia,5.07
1718,2013,Latvia,5.729
1719,2014,Latvia,5.881
1720,2015,Latvia,5.94
1721,2016,Latvia,5.978
1722,2017,Latvia,5.901
1723,2018,Latvia,5.97
1724,2019,Latvia,6.229
1725,2020,Latvia,6.353
1726,2021,Latvia,6.055
1727,2022,Latvia,5.524312500000001
1728,2005,Lebanon,4.605499999999999
1729,2006,Lebanon,4.653
1730,2007,Lebanon,4.624
1731,2008,Lebanon,4.595
1732,2009,Lebanon,5.206
1733,2010,Lebanon,5.032
1734,2011,Lebanon,5.188
1735,2012,Lebanon,4.573
1736,2013,Lebanon,4.983
1737,2014,Lebanon,5.233
1738,2015,Lebanon,5.172
1739,2016,Lebanon,5.271
1740,2017,Lebanon,5.154
1741,2018,Lebanon,5.167
1742,2019,Lebanon,4.024
1743,2020,Lebanon,2.634
1744,2021,Lebanon,2.179
1745,2022,Lebanon,4.605499999999999
1746,2005,Lesotho,4.119888888888889
1747,2006,Lesotho,4.119888888888889
1748,2007,Lesotho,4.119888888888889
1749,2008,Lesotho,4.119888888888889
1750,2009,Lesotho,4.119888888888889
1751,2010,Lesotho,4.119888888888889
1752,2011,Lesotho,4.898
1753,2012,Lesotho,4.68
1754,2013,Lesotho,4.462
1755,2014,Lesotho,4.244
1756,2015,Lesotho,4.026
1757,2016,Lesotho,3.808
1758,2017,Lesotho,3.795
1759,2018,Lesotho,3.654
1760,2019,Lesotho,3.512
1761,2020,Lesotho,4.119888888888889
1762,2021,Lesotho,4.119888888888889
1763,2022,Lesotho,4.119888888888889
1764,2005,Liberia,4.196466666666667
1765,2006,Liberia,4.196466666666667
1766,2007,Liberia,3.701
1767,2008,Liberia,4.221
1768,2009,Liberia,4.208
1769,2010,Liberia,4.196
1770,2011,Liberia,4.29
1771,2012,Liberia,4.383
1772,2013,Liberia,4.477
1773,2014,Liberia,4.571
1774,2015,Liberia,2.702
1775,2016,Liberia,3.355
1776,2017,Liberia,4.424
1777,2018,Liberia,4.135
1778,2019,Liberia,5.121
1779,2020,Liberia,4.761
1780,2021,Liberia,4.402
1781,2022,Liberia,4.196466666666667
1782,2005,Libya,5.580375
1783,2006,Libya,5.580375
1784,2007,Libya,5.580375
1785,2008,Libya,5.580375
1786,2009,Libya,5.580375
1787,2010,Libya,5.580375
1788,2011,Libya,5.580375
1789,2012,Libya,5.754
1790,2013,Libya,5.708
1791,2014,Libya,5.661
1792,2015,Libya,5.615
1793,2016,Libya,5.434
1794,2017,Libya,5.647
1795,2018,Libya,5.494
1796,2019,Libya,5.33
1797,2020,Libya,5.580375
1798,2021,Libya,5.580375
1799,2022,Libya,5.580375
1800,2005,Lithuania,5.8908125
1801,2006,Lithuania,5.954
1802,2007,Lithuania,5.808
1803,2008,Lithuania,5.554
1804,2009,Lithuania,5.467
1805,2010,Lithuania,5.066
1806,2011,Lithuania,5.432
1807,2012,Lithuania,5.771
1808,2013,Lithuania,5.596
1809,2014,Lithuania,6.126
1810,2015,Lithuania,5.711
1811,2016,Lithuania,5.866
1812,2017,Lithuania,6.273
1813,2018,Lithuania,6.309
1814,2019,Lithuania,6.064
1815,2020,Lithuania,6.391
1816,2021,Lithuania,6.865
1817,2022,Lithuania,5.8908125
1818,2005,Low Income Countries,3.979
1819,2006,Low Income Countries,3.979
1820,2007,Low Income Countries,3.979
1821,2008,Low Income Countries,3.979
1822,2009,Low Income Countries,3.979
1823,2010,Low Income Countries,3.979
1824,2011,Low Income Countries,3.979
1825,2012,Low Income Countries,3.979
1826,2013,Low Income Countries,3.979
1827,2014,Low Income Countries,3.949
1828,2015,Low Income Countries,4.023
1829,2016,Low Income Countries,3.989
1830,2017,Low Income Countries,3.955
1831,2018,Low Income Countries,3.979
1832,2019,Low Income Countries,3.979
1833,2020,Low Income Countries,3.979
1834,2021,Low Income Countries,3.979
1835,2022,Low Income Countries,3.979
1836,2005,Lower Middle Income Countries,4.766866666666667
1837,2006,Lower Middle Income Countries,4.766866666666667
1838,2007,Lower Middle Income Countries,4.824
1839,2008,Lower Middle Income Countries,4.668
1840,2009,Lower Middle Income Countries,4.819
1841,2010,Lower Middle Income Countries,4.783
1842,2011,Lower Middle Income Countries,4.791
1843,2012,Lower Middle Income Countries,4.68
1844,2013,Lower Middle Income Countries,4.645
1845,2014,Lower Middle Income Countries,4.67
1846,2015,Lower Middle Income Countries,4.688
1847,2016,Lower Middle Income Countries,4.704
1848,2017,Lower Middle Income Countries,4.856
1849,2018,Lower Middle Income Countries,4.883
1850,2019,Lower Middle Income Countries,4.804
1851,2020,Lower Middle Income Countries,4.977
1852,2021,Lower Middle Income Countries,4.711
1853,2022,Lower Middle Income Countries,4.766866666666667
1854,2005,Luxembourg,7.088538461538462
1855,2006,Luxembourg,7.088538461538462
1856,2007,Luxembourg,7.088538461538462
1857,2008,Luxembourg,7.088538461538462
1858,2009,Luxembourg,6.958
1859,2010,Luxembourg,7.097
1860,2011,Luxembourg,7.101
1861,2012,Luxembourg,6.964
1862,2013,Luxembourg,7.131
1863,2014,Luxembourg,6.891
1864,2015,Luxembourg,6.702
1865,2016,Luxembourg,6.967
1866,2017,Luxembourg,7.061
1867,2018,Luxembourg,7.243
1868,2019,Luxembourg,7.404
1869,2020,Luxembourg,7.345
1870,2021,Luxembourg,7.287
1871,2022,Luxembourg,7.088538461538462
1872,2005,Madagascar,4.0923750000000005
1873,2006,Madagascar,3.98
1874,2007,Madagascar,4.31
1875,2008,Madagascar,4.64
1876,2009,Madagascar,4.554
1877,2010,Madagascar,4.467
1878,2011,Madagascar,4.381
1879,2012,Madagascar,3.551
1880,2013,Madagascar,3.816
1881,2014,Madagascar,3.676
1882,2015,Madagascar,3.593
1883,2016,Madagascar,3.663
1884,2017,Madagascar,4.079
1885,2018,Madagascar,4.071
1886,2019,Madagascar,4.339
1887,2020,Madagascar,4.232
1888,2021,Madagascar,4.126
1889,2022,Madagascar,4.0923750000000005
1890,2005,Malawi,4.100625
1891,2006,Malawi,3.83
1892,2007,Malawi,4.891
1893,2008,Malawi,5.019
1894,2009,Malawi,5.148
1895,2010,Malawi,4.547
1896,2011,Malawi,3.946
1897,2012,Malawi,4.279
1898,2013,Malawi,4.035
1899,2014,Malawi,4.563
1900,2015,Malawi,3.868
1901,2016,Malawi,3.476
1902,2017,Malawi,3.417
1903,2018,Malawi,3.335
1904,2019,Malawi,3.869
1905,2020,Malawi,3.752
1906,2021,Malawi,3.635
1907,2022,Malawi,4.100625
1908,2005,Malaysia,5.826875
1909,2006,Malaysia,6.012
1910,2007,Malaysia,6.239
1911,2008,Malaysia,5.807
1912,2009,Malaysia,5.385
1913,2010,Malaysia,5.58
1914,2011,Malaysia,5.786
1915,2012,Malaysia,5.914
1916,2013,Malaysia,5.77
1917,2014,Malaysia,5.963
1918,2015,Malaysia,6.322
1919,2016,Malaysia,5.994
1920,2017,Malaysia,5.667
1921,2018,Malaysia,5.339
1922,2019,Malaysia,5.428
1923,2020,Malaysia,6.014
1924,2021,Malaysia,6.01
1925,2022,Malaysia,5.826875
1926,2005,Maldives,5.198
1927,2006,Maldives,5.198
1928,2007,Maldives,5.198
1929,2008,Maldives,5.198
1930,2009,Maldives,5.198
1931,2010,Maldives,5.198
1932,2011,Maldives,5.198
1933,2012,Maldives,5.198
1934,2013,Maldives,5.198
1935,2014,Maldives,5.198
1936,2015,Maldives,5.198
1937,2016,Maldives,5.198
1938,2017,Maldives,5.198
1939,2018,Maldives,5.198
1940,2019,Maldives,5.198
1941,2020,Maldives,5.198
1942,2021,Maldives,5.198
1943,2022,Maldives,5.198
1944,2005,Mali,4.230625
1945,2006,Mali,4.014
1946,2007,Mali,4.065
1947,2008,Mali,4.115
1948,2009,Mali,3.977
1949,2010,Mali,3.762
1950,2011,Mali,4.667
1951,2012,Mali,4.313
1952,2013,Mali,3.676
1953,2014,Mali,3.975
1954,2015,Mali,4.582
1955,2016,Mali,4.016
1956,2017,Mali,4.742
1957,2018,Mali,4.416
1958,2019,Mali,4.988
1959,2020,Mali,4.269
1960,2021,Mali,4.113
1961,2022,Mali,4.230625
1962,2005,Malta,6.398153846153846
1963,2006,Malta,6.398153846153846
1964,2007,Malta,6.398153846153846
1965,2008,Malta,6.398153846153846
1966,2009,Malta,6.328
1967,2010,Malta,5.774
1968,2011,Malta,6.155
1969,2012,Malta,5.963
1970,2013,Malta,6.38
1971,2014,Malta,6.452
1972,2015,Malta,6.613
1973,2016,Malta,6.591
1974,2017,Malta,6.676
1975,2018,Malta,6.91
1976,2019,Malta,6.733
1977,2020,Malta,6.157
1978,2021,Malta,6.444
1979,2022,Malta,6.398153846153846
1980,2005,Mauritania,4.415066666666667
1981,2006,Mauritania,4.415066666666667
1982,2007,Mauritania,4.149
1983,2008,Mauritania,4.248
1984,2009,Mauritania,4.5
1985,2010,Mauritania,4.772
1986,2011,Mauritania,4.785
1987,2012,Mauritania,4.673
1988,2013,Mauritania,4.199
1989,2014,Mauritania,4.483
1990,2015,Mauritania,3.923
1991,2016,Mauritania,4.472
1992,2017,Mauritania,4.678
1993,2018,Mauritania,4.314
1994,2019,Mauritania,4.153
1995,2020,Mauritania,4.343
1996,2021,Mauritania,4.534
1997,2022,Mauritania,4.415066666666667
1998,2005,Mauritius,5.795454545454546
1999,2006,Mauritius,5.795454545454546
2000,2007,Mauritius,5.795454545454546
2001,2008,Mauritius,5.795454545454546
2002,2009,Mauritius,5.795454545454546
2003,2010,Mauritius,5.795454545454546
2004,2011,Mauritius,5.477
2005,2012,Mauritius,5.534
2006,2013,Mauritius,5.591
2007,2014,Mauritius,5.648
2008,2015,Mauritius,5.629
2009,2016,Mauritius,5.61
2010,2017,Mauritius,6.174
2011,2018,Mauritius,5.882
2012,2019,Mauritius,6.241
2013,2020,Mauritius,6.015
2014,2021,Mauritius,5.949
2015,2022,Mauritius,5.795454545454546
2016,2005,Mexico,6.652
2017,2006,Mexico,6.553
2018,2007,Mexico,6.525
2019,2008,Mexico,6.829
2020,2009,Mexico,6.963
2021,2010,Mexico,6.802
2022,2011,Mexico,6.91
2023,2012,Mexico,7.32
2024,2013,Mexico,7.443
2025,2014,Mexico,6.68
2026,2015,Mexico,6.236
2027,2016,Mexico,6.824
2028,2017,Mexico,6.41
2029,2018,Mexico,6.55
2030,2019,Mexico,6.432
2031,2020,Mexico,5.964
2032,2021,Mexico,5.991
2033,2022,Mexico,6.652
2034,2005,Middle Africa,4.220571428571429
2035,2006,Middle Africa,4.220571428571429
2036,2007,Middle Africa,4.220571428571429
2037,2008,Middle Africa,4.220571428571429
2038,2009,Middle Africa,4.220571428571429
2039,2010,Middle Africa,4.220571428571429
2040,2011,Middle Africa,4.616
2041,2012,Middle Africa,4.195
2042,2013,Middle Africa,3.995
2043,2014,Middle Africa,3.981
2044,2015,Middle Africa,4.075
2045,2016,Middle Africa,4.168
2046,2017,Middle Africa,4.514
2047,2018,Middle Africa,4.220571428571429
2048,2019,Middle Africa,4.220571428571429
2049,2020,Middle Africa,4.220571428571429
2050,2021,Middle Africa,4.220571428571429
2051,2022,Middle Africa,4.220571428571429
2052,2005,Middle Income Countries,5.121437500000001
2053,2006,Middle Income Countries,4.919
2054,2007,Middle Income Countries,5.109
2055,2008,Middle Income Countries,5.061
2056,2009,Middle Income Countries,5.192
2057,2010,Middle Income Countries,5.108
2058,2011,Middle Income Countries,5.085
2059,2012,Middle Income Countries,5.102
2060,2013,Middle Income Countries,5.084
2061,2014,Middle Income Countries,5.149
2062,2015,Middle Income Countries,5.088
2063,2016,Middle Income Countries,5.127
2064,2017,Middle Income Countries,5.156
2065,2018,Middle Income Countries,5.19
2066,2019,Middle Income Countries,5.214
2067,2020,Middle Income Countries,5.239
2068,2021,Middle Income Countries,5.12
2069,2022,Middle Income Countries,5.121437500000001
2070,2005,Moldova,5.635125
2071,2006,Moldova,5.102
2072,2007,Moldova,4.775
2073,2008,Moldova,5.503
2074,2009,Moldova,5.554
2075,2010,Moldova,5.59
2076,2011,Moldova,5.792
2077,2012,Moldova,5.996
2078,2013,Moldova,5.756
2079,2014,Moldova,5.917
2080,2015,Moldova,6.017
2081,2016,Moldova,5.578
2082,2017,Moldova,5.326
2083,2018,Moldova,5.682
2084,2019,Moldova,5.803
2085,2020,Moldova,5.812
2086,2021,Moldova,5.959
2087,2022,Moldova,5.635125
2088,2005,Mongolia,5.067733333333334
2089,2006,Mongolia,5.067733333333334
2090,2007,Mongolia,4.609
2091,2008,Mongolia,4.493
2092,2009,Mongolia,4.54
2093,2010,Mongolia,4.586
2094,2011,Mongolia,5.031
2095,2012,Mongolia,4.885
2096,2013,Mongolia,4.913
2097,2014,Mongolia,4.825
2098,2015,Mongolia,4.983
2099,2016,Mongolia,5.057
2100,2017,Mongolia,5.334
2101,2018,Mongolia,5.465
2102,2019,Mongolia,5.563
2103,2020,Mongolia,6.011
2104,2021,Mongolia,5.721
2105,2022,Mongolia,5.067733333333334
2106,2005,Montenegro,5.289357142857142
2107,2006,Montenegro,5.289357142857142
2108,2007,Montenegro,5.196
2109,2008,Montenegro,4.998
2110,2009,Montenegro,4.801
2111,2010,Montenegro,5.455
2112,2011,Montenegro,5.223
2113,2012,Montenegro,5.219
2114,2013,Montenegro,5.074
2115,2014,Montenegro,5.283
2116,2015,Montenegro,5.125
2117,2016,Montenegro,5.304
2118,2017,Montenegro,5.615
2119,2018,Montenegro,5.65
2120,2019,Montenegro,5.386
2121,2020,Montenegro,5.722
2122,2021,Montenegro,5.289357142857142
2123,2022,Montenegro,5.289357142857142
2124,2005,Morocco,5.056333333333334
2125,2006,Morocco,5.056333333333334
2126,2007,Morocco,5.056333333333334
2127,2008,Morocco,5.056333333333334
2128,2009,Morocco,5.056333333333334
2129,2010,Morocco,4.383
2130,2011,Morocco,5.085
2131,2012,Morocco,4.97
2132,2013,Morocco,5.142
2133,2014,Morocco,5.152
2134,2015,Morocco,5.163
2135,2016,Morocco,5.386
2136,2017,Morocco,5.312
2137,2018,Morocco,4.897
2138,2019,Morocco,5.057
2139,2020,Morocco,4.803
2140,2021,Morocco,5.326
2141,2022,Morocco,5.056333333333334
2142,2005,Mozambique,4.751499999999999
2143,2006,Mozambique,4.595
2144,2007,Mozambique,4.833
2145,2008,Mozambique,4.654
2146,2009,Mozambique,4.76
2147,2010,Mozambique,4.865
2148,2011,Mozambique,4.971
2149,2012,Mozambique,4.866
2150,2013,Mozambique,4.761
2151,2014,Mozambique,4.655
2152,2015,Mozambique,4.55
2153,2016,Mozambique,4.415
2154,2017,Mozambique,4.28
2155,2018,Mozambique,4.654
2156,2019,Mozambique,4.932
2157,2020,Mozambique,5.055
2158,2021,Mozambique,5.178
2159,2022,Mozambique,4.751499999999999
2160,2005,Myanmar (Burma),4.3991999999999996
2161,2006,Myanmar (Burma),4.3991999999999996
2162,2007,Myanmar (Burma),4.3991999999999996
2163,2008,Myanmar (Burma),4.3991999999999996
2164,2009,Myanmar (Burma),4.3991999999999996
2165,2010,Myanmar (Burma),4.3991999999999996
2166,2011,Myanmar (Burma),4.3991999999999996
2167,2012,Myanmar (Burma),4.439
2168,2013,Myanmar (Burma),4.176
2169,2014,Myanmar (Burma),4.786
2170,2015,Myanmar (Burma),4.224
2171,2016,Myanmar (Burma),4.623
2172,2017,Myanmar (Burma),4.154
2173,2018,Myanmar (Burma),4.411
2174,2019,Myanmar (Burma),4.434
2175,2020,Myanmar (Burma),4.431
2176,2021,Myanmar (Burma),4.314
2177,2022,Myanmar (Burma),4.3991999999999996
2178,2005,Namibia,4.633866666666666
2179,2006,Namibia,4.633866666666666
2180,2007,Namibia,4.886
2181,2008,Namibia,4.841
2182,2009,Namibia,4.797
2183,2010,Namibia,4.752
2184,2011,Namibia,4.708
2185,2012,Namibia,4.663
2186,2013,Namibia,4.619
2187,2014,Namibia,4.574
2188,2015,Namibia,4.53
2189,2016,Namibia,4.485
2190,2017,Namibia,4.441
2191,2018,Namibia,4.834
2192,2019,Namibia,4.436
2193,2020,Namibia,4.451
2194,2021,Namibia,4.491
2195,2022,Namibia,4.633866666666666
2196,2005,Nepal,4.766062499999999
2197,2006,Nepal,4.567
2198,2007,Nepal,4.748
2199,2008,Nepal,4.441
2200,2009,Nepal,4.917
2201,2010,Nepal,4.35
2202,2011,Nepal,3.809
2203,2012,Nepal,4.233
2204,2013,Nepal,4.605
2205,2014,Nepal,4.975
2206,2015,Nepal,4.812
2207,2016,Nepal,5.1
2208,2017,Nepal,4.737
2209,2018,Nepal,4.91
2210,2019,Nepal,5.449
2211,2020,Nepal,5.982
2212,2021,Nepal,4.622
2213,2022,Nepal,4.766062499999999
2214,2005,Netherlands,7.462624999999999
2215,2006,Netherlands,7.458
2216,2007,Netherlands,7.452
2217,2008,Netherlands,7.631
2218,2009,Netherlands,7.566
2219,2010,Netherlands,7.502
2220,2011,Netherlands,7.564
2221,2012,Netherlands,7.471
2222,2013,Netherlands,7.407
2223,2014,Netherlands,7.321
2224,2015,Netherlands,7.324
2225,2016,Netherlands,7.541
2226,2017,Netherlands,7.459
2227,2018,Netherlands,7.463
2228,2019,Netherlands,7.425
2229,2020,Netherlands,7.504
2230,2021,Netherlands,7.314
2231,2022,Netherlands,7.462624999999999
2232,2005,New Zealand,7.2989999999999995
2233,2006,New Zealand,7.305
2234,2007,New Zealand,7.604
2235,2008,New Zealand,7.381
2236,2009,New Zealand,7.303
2237,2010,New Zealand,7.224
2238,2011,New Zealand,7.191
2239,2012,New Zealand,7.25
2240,2013,New Zealand,7.28
2241,2014,New Zealand,7.306
2242,2015,New Zealand,7.418
2243,2016,New Zealand,7.226
2244,2017,New Zealand,7.327
2245,2018,New Zealand,7.37
2246,2019,New Zealand,7.205
2247,2020,New Zealand,7.257
2248,2021,New Zealand,7.137
2249,2022,New Zealand,7.2989999999999995
2250,2005,Nicaragua,5.69725
2251,2006,Nicaragua,4.46
2252,2007,Nicaragua,4.944
2253,2008,Nicaragua,5.104
2254,2009,Nicaragua,5.353
2255,2010,Nicaragua,5.687
2256,2011,Nicaragua,5.386
2257,2012,Nicaragua,5.448
2258,2013,Nicaragua,5.772
2259,2014,Nicaragua,6.275
2260,2015,Nicaragua,5.924
2261,2016,Nicaragua,6.013
2262,2017,Nicaragua,6.476
2263,2018,Nicaragua,5.819
2264,2019,Nicaragua,6.113
2265,2020,Nicaragua,6.287
2266,2021,Nicaragua,6.095
2267,2022,Nicaragua,5.69725
2268,2005,Niger,4.3165
2269,2006,Niger,3.737
2270,2007,Niger,4.277
2271,2008,Niger,4.236
2272,2009,Niger,4.267
2273,2010,Niger,4.101
2274,2011,Niger,4.556
2275,2012,Niger,3.798
2276,2013,Niger,3.716
2277,2014,Niger,4.181
2278,2015,Niger,3.671
2279,2016,Niger,4.235
2280,2017,Niger,4.616
2281,2018,Niger,5.164
2282,2019,Niger,5.004
2283,2020,Niger,4.836
2284,2021,Niger,4.669
2285,2022,Niger,4.3165
2286,2005,Nigeria,4.9729375
2287,2006,Nigeria,4.71
2288,2007,Nigeria,4.89
2289,2008,Nigeria,4.939
2290,2009,Nigeria,4.98
2291,2010,Nigeria,4.76
2292,2011,Nigeria,5.127
2293,2012,Nigeria,5.493
2294,2013,Nigeria,4.818
2295,2014,Nigeria,4.875
2296,2015,Nigeria,4.933
2297,2016,Nigeria,5.22
2298,2017,Nigeria,5.322
2299,2018,Nigeria,5.252
2300,2019,Nigeria,4.266
2301,2020,Nigeria,5.503
2302,2021,Nigeria,4.479
2303,2022,Nigeria,4.9729375
2304,2005,North Macedonia,4.926066666666666
2305,2006,North Macedonia,4.926066666666666
2306,2007,North Macedonia,4.494
2307,2008,North Macedonia,4.461
2308,2009,North Macedonia,4.428
2309,2010,North Macedonia,4.18
2310,2011,North Macedonia,4.898
2311,2012,North Macedonia,4.64
2312,2013,North Macedonia,5.186
2313,2014,North Macedonia,5.204
2314,2015,North Macedonia,4.976
2315,2016,North Macedonia,5.346
2316,2017,North Macedonia,5.234
2317,2018,North Macedonia,5.24
2318,2019,North Macedonia,5.015
2319,2020,North Macedonia,5.054
2320,2021,North Macedonia,5.535
2321,2022,North Macedonia,4.926066666666666
2322,2005,Northern Africa,4.9042
2323,2006,Northern Africa,4.9042
2324,2007,Northern Africa,4.9042
2325,2008,Northern Africa,4.9042
2326,2009,Northern Africa,4.9042
2327,2010,Northern Africa,4.816
2328,2011,Northern Africa,4.753
2329,2012,Northern Africa,4.924
2330,2013,Northern Africa,4.98
2331,2014,Northern Africa,5.036
2332,2015,Northern Africa,5.042
2333,2016,Northern Africa,5.048
2334,2017,Northern Africa,4.852
2335,2018,Northern Africa,4.836
2336,2019,Northern Africa,4.755
2337,2020,Northern Africa,4.9042
2338,2021,Northern Africa,4.9042
2339,2022,Northern Africa,4.9042
2340,2005,Northern America,7.2082500000000005
2341,2006,Northern America,7.182
2342,2007,Northern America,7.498
2343,2008,Northern America,7.383
2344,2009,Northern America,7.323
2345,2010,Northern America,7.407
2346,2011,Northern America,7.271
2347,2012,Northern America,7.22
2348,2013,Northern America,7.421
2349,2014,Northern America,7.228
2350,2015,Northern America,7.139
2351,2016,Northern America,7.024
2352,2017,Northern America,7.204
2353,2018,Northern America,7.029
2354,2019,Northern America,7.027
2355,2020,Northern America,7.027
2356,2021,Northern America,6.949
2357,2022,Northern America,7.2082500000000005
2358,2005,Northern Europe,6.7909999999999995
2359,2006,Northern Europe,6.7909999999999995
2360,2007,Northern Europe,6.281
2361,2008,Northern Europe,6.838
2362,2009,Northern Europe,6.311
2363,2010,Northern Europe,6.711
2364,2011,Northern Europe,6.556
2365,2012,Northern Europe,6.782
2366,2013,Northern Europe,6.704
2367,2014,Northern Europe,6.768
2368,2015,Northern Europe,6.798
2369,2016,Northern Europe,6.905
2370,2017,Northern Europe,7.0
2371,2018,Northern Europe,6.988
2372,2019,Northern Europe,7.059
2373,2020,Northern Europe,7.061
2374,2021,Northern Europe,7.103
2375,2022,Northern Europe,6.7909999999999995
2376,2005,Norway,7.533499999999999
2377,2006,Norway,7.416
2378,2007,Norway,7.524
2379,2008,Norway,7.632
2380,2009,Norway,7.643
2381,2010,Norway,7.655
2382,2011,Norway,7.667
2383,2012,Norway,7.678
2384,2013,Norway,7.561
2385,2014,Norway,7.444
2386,2015,Norway,7.603
2387,2016,Norway,7.596
2388,2017,Norway,7.579
2389,2018,Norway,7.444
2390,2019,Norway,7.442
2391,2020,Norway,7.29
2392,2021,Norway,7.362
2393,2022,Norway,7.533499999999999
2394,2005,Oceania,
2395,2006,Oceania,
2396,2007,Oceania,
2397,2008,Oceania,
2398,2009,Oceania,
2399,2010,Oceania,
2400,2011,Oceania,
2401,2012,Oceania,
2402,2013,Oceania,
2403,2014,Oceania,
2404,2015,Oceania,
2405,2016,Oceania,
2406,2017,Oceania,
2407,2018,Oceania,
2408,2019,Oceania,
2409,2020,Oceania,
2410,2021,Oceania,
2411,2022,Oceania,
2412,2005,Oman,6.853
2413,2006,Oman,6.853
2414,2007,Oman,6.853
2415,2008,Oman,6.853
2416,2009,Oman,6.853
2417,2010,Oman,6.853
2418,2011,Oman,6.853
2419,2012,Oman,6.853
2420,2013,Oman,6.853
2421,2014,Oman,6.853
2422,2015,Oman,6.853
2423,2016,Oman,6.853
2424,2017,Oman,6.853
2425,2018,Oman,6.853
2426,2019,Oman,6.853
2427,2020,Oman,6.853
2428,2021,Oman,6.853
2429,2022,Oman,6.853
2430,2005,Pakistan,5.1705625
2431,2006,Pakistan,5.448
2432,2007,Pakistan,5.671
2433,2008,Pakistan,4.414
2434,2009,Pakistan,5.208
2435,2010,Pakistan,5.786
2436,2011,Pakistan,5.267
2437,2012,Pakistan,5.132
2438,2013,Pakistan,5.138
2439,2014,Pakistan,5.436
2440,2015,Pakistan,4.823
2441,2016,Pakistan,5.549
2442,2017,Pakistan,5.831
2443,2018,Pakistan,5.472
2444,2019,Pakistan,4.443
2445,2020,Pakistan,4.624
2446,2021,Pakistan,4.487
2447,2022,Pakistan,5.1705625
2448,2005,Panama,6.652749999999999
2449,2006,Panama,6.128
2450,2007,Panama,6.894
2451,2008,Panama,6.931
2452,2009,Panama,7.034
2453,2010,Panama,7.321
2454,2011,Panama,7.248
2455,2012,Panama,6.86
2456,2013,Panama,6.866
2457,2014,Panama,6.631
2458,2015,Panama,6.606
2459,2016,Panama,6.118
2460,2017,Panama,6.568
2461,2018,Panama,6.281
2462,2019,Panama,6.086
2463,2020,Panama,6.319
2464,2021,Panama,6.553
2465,2022,Panama,6.652749999999999
2466,2005,Paraguay,5.5642499999999995
2467,2006,Paraguay,4.73
2468,2007,Paraguay,5.272
2469,2008,Paraguay,5.57
2470,2009,Paraguay,5.576
2471,2010,Paraguay,5.841
2472,2011,Paraguay,5.677
2473,2012,Paraguay,5.82
2474,2013,Paraguay,5.936
2475,2014,Paraguay,5.119
2476,2015,Paraguay,5.56
2477,2016,Paraguay,5.801
2478,2017,Paraguay,5.713
2479,2018,Paraguay,5.683
2480,2019,Paraguay,5.653
2481,2020,Paraguay,5.501
2482,2021,Paraguay,5.576
2483,2022,Paraguay,5.5642499999999995
2484,2005,Peru,5.563000000000001
2485,2006,Peru,4.811
2486,2007,Peru,5.214
2487,2008,Peru,5.129
2488,2009,Peru,5.519
2489,2010,Peru,5.613
2490,2011,Peru,5.892
2491,2012,Peru,5.825
2492,2013,Peru,5.783
2493,2014,Peru,5.866
2494,2015,Peru,5.577
2495,2016,Peru,5.701
2496,2017,Peru,5.711
2497,2018,Peru,5.68
2498,2019,Peru,5.999
2499,2020,Peru,4.994
2500,2021,Peru,5.694
2501,2022,Peru,5.563000000000001
2502,2005,Philippines,5.2621875000000005
2503,2006,Philippines,4.67
2504,2007,Philippines,5.074
2505,2008,Philippines,4.589
2506,2009,Philippines,4.88
2507,2010,Philippines,4.942
2508,2011,Philippines,4.994
2509,2012,Philippines,5.002
2510,2013,Philippines,4.977
2511,2014,Philippines,5.313
2512,2015,Philippines,5.547
2513,2016,Philippines,5.431
2514,2017,Philippines,5.594
2515,2018,Philippines,5.869
2516,2019,Philippines,6.268
2517,2020,Philippines,5.08
2518,2021,Philippines,5.965
2519,2022,Philippines,5.2621875000000005
2520,2005,Poland,5.935499999999999
2521,2006,Poland,5.736
2522,2007,Poland,5.886
2523,2008,Poland,5.829
2524,2009,Poland,5.772
2525,2010,Poland,5.887
2526,2011,Poland,5.646
2527,2012,Poland,5.876
2528,2013,Poland,5.746
2529,2014,Poland,5.75
2530,2015,Poland,6.007
2531,2016,Poland,6.162
2532,2017,Poland,6.201
2533,2018,Poland,6.111
2534,2019,Poland,6.242
2535,2020,Poland,6.139
2536,2021,Poland,5.978
2537,2022,Poland,5.935499999999999
2538,2005,Portugal,5.493
2539,2006,Portugal,5.405
2540,2007,Portugal,5.561
2541,2008,Portugal,5.717
2542,2009,Portugal,5.406
2543,2010,Portugal,5.095
2544,2011,Portugal,5.22
2545,2012,Portugal,4.994
2546,2013,Portugal,5.158
2547,2014,Portugal,5.127
2548,2015,Portugal,5.081
2549,2016,Portugal,5.447
2550,2017,Portugal,5.711
2551,2018,Portugal,5.92
2552,2019,Portugal,6.095
2553,2020,Portugal,5.768
2554,2021,Portugal,6.183
2555,2022,Portugal,5.493
2556,2005,Puerto Rico,6.547428571428571
2557,2006,Puerto Rico,6.547428571428571
2558,2007,Puerto Rico,6.547428571428571
2559,2008,Puerto Rico,6.547428571428571
2560,2009,Puerto Rico,6.418
2561,2010,Puerto Rico,6.85
2562,2011,Puerto Rico,6.592
2563,2012,Puerto Rico,6.611
2564,2013,Puerto Rico,6.532
2565,2014,Puerto Rico,6.454
2566,2015,Puerto Rico,6.375
2567,2016,Puerto Rico,6.547428571428571
2568,2017,Puerto Rico,6.547428571428571
2569,2018,Puerto Rico,6.547428571428571
2570,2019,Puerto Rico,6.547428571428571
2571,2020,Puerto Rico,6.547428571428571
2572,2021,Puerto Rico,6.547428571428571
2573,2022,Puerto Rico,6.547428571428571
2574,2005,Romania,5.670250000000001
2575,2006,Romania,5.222
2576,2007,Romania,5.394
2577,2008,Romania,5.381
2578,2009,Romania,5.368
2579,2010,Romania,4.909
2580,2011,Romania,5.023
2581,2012,Romania,5.167
2582,2013,Romania,5.082
2583,2014,Romania,5.727
2584,2015,Romania,5.777
2585,2016,Romania,5.969
2586,2017,Romania,6.09
2587,2018,Romania,6.151
2588,2019,Romania,6.13
2589,2020,Romania,6.785
2590,2021,Romania,6.549
2591,2022,Romania,5.670250000000001
2592,2005,Russia,5.5163125
2593,2006,Russia,4.964
2594,2007,Russia,5.223
2595,2008,Russia,5.619
2596,2009,Russia,5.158
2597,2010,Russia,5.385
2598,2011,Russia,5.389
2599,2012,Russia,5.621
2600,2013,Russia,5.537
2601,2014,Russia,6.037
2602,2015,Russia,5.996
2603,2016,Russia,5.855
2604,2017,Russia,5.579
2605,2018,Russia,5.514
2606,2019,Russia,5.441
2607,2020,Russia,5.495
2608,2021,Russia,5.448
2609,2022,Russia,5.5163125
2610,2005,Rwanda,3.729
2611,2006,Rwanda,4.215
2612,2007,Rwanda,4.289
2613,2008,Rwanda,4.363
2614,2009,Rwanda,4.03
2615,2010,Rwanda,4.064
2616,2011,Rwanda,4.097
2617,2012,Rwanda,3.333
2618,2013,Rwanda,3.466
2619,2014,Rwanda,3.596
2620,2015,Rwanda,3.483
2621,2016,Rwanda,3.333
2622,2017,Rwanda,3.108
2623,2018,Rwanda,3.561
2624,2019,Rwanda,3.268
2625,2020,Rwanda,3.729
2626,2021,Rwanda,3.729
2627,2022,Rwanda,3.729
2628,2005,Saudi Arabia,6.538187499999999
2629,2006,Saudi Arabia,7.174
2630,2007,Saudi Arabia,7.267
2631,2008,Saudi Arabia,6.811
2632,2009,Saudi Arabia,6.148
2633,2010,Saudi Arabia,6.307
2634,2011,Saudi Arabia,6.7
2635,2012,Saudi Arabia,6.396
2636,2013,Saudi Arabia,6.495
2637,2014,Saudi Arabia,6.278
2638,2015,Saudi Arabia,6.345
2639,2016,Saudi Arabia,6.474
2640,2017,Saudi Arabia,6.294
2641,2018,Saudi Arabia,6.356
2642,2019,Saudi Arabia,6.561
2643,2020,Saudi Arabia,6.56
2644,2021,Saudi Arabia,6.445
2645,2022,Saudi Arabia,6.538187499999999
2646,2005,Senegal,4.490312500000001
2647,2006,Senegal,4.417
2648,2007,Senegal,4.68
2649,2008,Senegal,4.683
2650,2009,Senegal,4.335
2651,2010,Senegal,4.372
2652,2011,Senegal,3.834
2653,2012,Senegal,3.669
2654,2013,Senegal,3.647
2655,2014,Senegal,4.395
2656,2015,Senegal,4.617
2657,2016,Senegal,4.595
2658,2017,Senegal,4.683
2659,2018,Senegal,4.769
2660,2019,Senegal,5.489
2661,2020,Senegal,4.757
2662,2021,Senegal,4.903
2663,2022,Senegal,4.490312500000001
2664,2005,Serbia,5.266533333333333
2665,2006,Serbia,5.266533333333333
2666,2007,Serbia,4.75
2667,2008,Serbia,4.565
2668,2009,Serbia,4.38
2669,2010,Serbia,4.461
2670,2011,Serbia,4.815
2671,2012,Serbia,5.155
2672,2013,Serbia,5.102
2673,2014,Serbia,5.113
2674,2015,Serbia,5.318
2675,2016,Serbia,5.753
2676,2017,Serbia,5.122
2677,2018,Serbia,5.936
2678,2019,Serbia,6.241
2679,2020,Serbia,6.042
2680,2021,Serbia,6.245
2681,2022,Serbia,5.266533333333333
2682,2005,Sierra Leone,4.0445625
2683,2006,Sierra Leone,3.628
2684,2007,Sierra Leone,3.585
2685,2008,Sierra Leone,2.997
2686,2009,Sierra Leone,3.566
2687,2010,Sierra Leone,4.134
2688,2011,Sierra Leone,4.502
2689,2012,Sierra Leone,4.508
2690,2013,Sierra Leone,4.514
2691,2014,Sierra Leone,4.5
2692,2015,Sierra Leone,4.909
2693,2016,Sierra Leone,4.733
2694,2017,Sierra Leone,4.09
2695,2018,Sierra Leone,4.306
2696,2019,Sierra Leone,3.447
2697,2020,Sierra Leone,3.58
2698,2021,Sierra Leone,3.714
2699,2022,Sierra Leone,4.0445625
2700,2005,Singapore,6.5066875
2701,2006,Singapore,6.463
2702,2007,Singapore,6.834
2703,2008,Singapore,6.642
2704,2009,Singapore,6.145
2705,2010,Singapore,6.531
2706,2011,Singapore,6.561
2707,2012,Singapore,6.533
2708,2013,Singapore,7.062
2709,2014,Singapore,6.62
2710,2015,Singapore,6.033
2711,2016,Singapore,6.378
2712,2017,Singapore,6.375
2713,2018,Singapore,6.378
2714,2019,Singapore,6.448
2715,2020,Singapore,6.517
2716,2021,Singapore,6.587
2717,2022,Singapore,6.5066875
2718,2005,Slovakia,6.010125
2719,2006,Slovakia,5.265
2720,2007,Slovakia,5.462
2721,2008,Slovakia,5.659
2722,2009,Slovakia,5.855
2723,2010,Slovakia,6.052
2724,2011,Slovakia,5.945
2725,2012,Slovakia,5.911
2726,2013,Slovakia,5.937
2727,2014,Slovakia,6.139
2728,2015,Slovakia,6.162
2729,2016,Slovakia,5.993
2730,2017,Slovakia,6.366
2731,2018,Slovakia,6.235
2732,2019,Slovakia,6.243
2733,2020,Slovakia,6.519
2734,2021,Slovakia,6.419
2735,2022,Slovakia,6.010125
2736,2005,Slovenia,6.068687499999999
2737,2006,Slovenia,5.811
2738,2007,Slovenia,5.817
2739,2008,Slovenia,5.824
2740,2009,Slovenia,5.83
2741,2010,Slovenia,6.083
2742,2011,Slovenia,6.036
2743,2012,Slovenia,6.063
2744,2013,Slovenia,5.975
2745,2014,Slovenia,5.678
2746,2015,Slovenia,5.741
2747,2016,Slovenia,5.937
2748,2017,Slovenia,6.167
2749,2018,Slovenia,6.249
2750,2019,Slovenia,6.665
2751,2020,Slovenia,6.462
2752,2021,Slovenia,6.761
2753,2022,Slovenia,6.068687499999999
2754,2005,Somalia,5.183333333333334
2755,2006,Somalia,5.183333333333334
2756,2007,Somalia,5.183333333333334
2757,2008,Somalia,5.183333333333334
2758,2009,Somalia,5.183333333333334
2759,2010,Somalia,5.183333333333334
2760,2011,Somalia,5.183333333333334
2761,2012,Somalia,5.183333333333334
2762,2013,Somalia,5.183333333333334
2763,2014,Somalia,5.528
2764,2015,Somalia,5.354
2765,2016,Somalia,4.668
2766,2017,Somalia,5.183333333333334
2767,2018,Somalia,5.183333333333334
2768,2019,Somalia,5.183333333333334
2769,2020,Somalia,5.183333333333334
2770,2021,Somalia,5.183333333333334
2771,2022,Somalia,5.183333333333334
2772,2005,Somaliland,4.909
2773,2006,Somaliland,4.909
2774,2007,Somaliland,4.909
2775,2008,Somaliland,4.909
2776,2009,Somaliland,4.991
2777,2010,Somaliland,4.657
2778,2011,Somaliland,4.931
2779,2012,Somaliland,5.057
2780,2013,Somaliland,4.909
2781,2014,Somaliland,4.909
2782,2015,Somaliland,4.909
2783,2016,Somaliland,4.909
2784,2017,Somaliland,4.909
2785,2018,Somaliland,4.909
2786,2019,Somaliland,4.909
2787,2020,Somaliland,4.909
2788,2021,Somaliland,4.909
2789,2022,Somaliland,4.909
2790,2005,South Africa,4.918375
2791,2006,South Africa,5.084
2792,2007,South Africa,5.204
2793,2008,South Africa,5.346
2794,2009,South Africa,5.218
2795,2010,South Africa,4.652
2796,2011,South Africa,4.931
2797,2012,South Africa,5.134
2798,2013,South Africa,3.661
2799,2014,South Africa,4.828
2800,2015,South Africa,4.887
2801,2016,South Africa,4.77
2802,2017,South Africa,4.514
2803,2018,South Africa,4.884
2804,2019,South Africa,5.035
2805,2020,South Africa,4.947
2806,2021,South Africa,5.599
2807,2022,South Africa,4.918375
2808,2005,South America,6.036133333333333
2809,2006,South America,6.036133333333333
2810,2007,South America,5.703
2811,2008,South America,5.783
2812,2009,South America,6.288
2813,2010,South America,6.293
2814,2011,South America,6.308
2815,2012,South America,6.319
2816,2013,South America,6.357
2817,2014,South America,6.244
2818,2015,South America,6.13
2819,2016,South America,5.921
2820,2017,South America,5.917
2821,2018,South America,5.945
2822,2019,South America,5.965
2823,2020,South America,5.616
2824,2021,South America,5.753
2825,2022,South America,6.036133333333333
2826,2005,South Korea,5.8898125
2827,2006,South Korea,5.332
2828,2007,South Korea,5.767
2829,2008,South Korea,5.39
2830,2009,South Korea,5.648
2831,2010,South Korea,6.116
2832,2011,South Korea,6.947
2833,2012,South Korea,6.003
2834,2013,South Korea,5.959
2835,2014,South Korea,5.801
2836,2015,South Korea,5.78
2837,2016,South Korea,5.971
2838,2017,South Korea,5.874
2839,2018,South Korea,5.84
2840,2019,South Korea,5.903
2841,2020,South Korea,5.793
2842,2021,South Korea,6.113
2843,2022,South Korea,5.8898125
2844,2005,South Sudan,3.402
2845,2006,South Sudan,3.402
2846,2007,South Sudan,3.402
2847,2008,South Sudan,3.402
2848,2009,South Sudan,3.402
2849,2010,South Sudan,3.402
2850,2011,South Sudan,3.402
2851,2012,South Sudan,3.402
2852,2013,South Sudan,3.402
2853,2014,South Sudan,3.832
2854,2015,South Sudan,4.071
2855,2016,South Sudan,2.888
2856,2017,South Sudan,2.817
2857,2018,South Sudan,3.402
2858,2019,South Sudan,3.402
2859,2020,South Sudan,3.402
2860,2021,South Sudan,3.402
2861,2022,South Sudan,3.402
2862,2005,South-Eastern Asia,5.3491875
2863,2006,South-Eastern Asia,5.24
2864,2007,South-Eastern Asia,5.497
2865,2008,South-Eastern Asia,5.309
2866,2009,South-Eastern Asia,5.253
2867,2010,South-Eastern Asia,5.452
2868,2011,South-Eastern Asia,5.476
2869,2012,South-Eastern Asia,5.318
2870,2013,South-Eastern Asia,5.276
2871,2014,South-Eastern Asia,5.529
2872,2015,South-Eastern Asia,5.326
2873,2016,South-Eastern Asia,5.309
2874,2017,South-Eastern Asia,5.193
2875,2018,South-Eastern Asia,5.403
2876,2019,South-Eastern Asia,5.395
2877,2020,South-Eastern Asia,5.17
2878,2021,South-Eastern Asia,5.441
2879,2022,South-Eastern Asia,5.3491875
2880,2005,Southern Africa,4.579000000000001
2881,2006,Southern Africa,4.912
2882,2007,Southern Africa,5.045
2883,2008,Southern Africa,5.399
2884,2009,Southern Africa,5.218
2885,2010,Southern Africa,4.103
2886,2011,Southern Africa,4.554
2887,2012,Southern Africa,4.985
2888,2013,Southern Africa,3.894
2889,2014,Southern Africa,4.478
2890,2015,Southern Africa,4.324
2891,2016,Southern Africa,4.026
2892,2017,Southern Africa,4.064
2893,2018,Southern Africa,4.348
2894,2019,Southern Africa,4.17
2895,2020,Southern Africa,4.699
2896,2021,Southern Africa,5.045
2897,2022,Southern Africa,4.579000000000001
2898,2005,Southern Asia,4.583874999999999
2899,2006,Southern Asia,4.645
2900,2007,Southern Asia,4.967
2901,2008,Southern Asia,4.62
2902,2009,Southern Asia,4.724
2903,2010,Southern Asia,4.786
2904,2011,Southern Asia,4.497
2905,2012,Southern Asia,4.489
2906,2013,Southern Asia,4.685
2907,2014,Southern Asia,4.561
2908,2015,Southern Asia,4.63
2909,2016,Southern Asia,4.709
2910,2017,Southern Asia,4.376
2911,2018,Southern Asia,4.413
2912,2019,Southern Asia,4.264
2913,2020,Southern Asia,4.959
2914,2021,Southern Asia,4.017
2915,2022,Southern Asia,4.583874999999999
2916,2005,Southern Europe,5.632266666666666
2917,2006,Southern Europe,5.632266666666666
2918,2007,Southern Europe,5.557
2919,2008,Southern Europe,5.516
2920,2009,Southern Europe,5.475
2921,2010,Southern Europe,5.414
2922,2011,Southern Europe,5.545
2923,2012,Southern Europe,5.464
2924,2013,Southern Europe,5.443
2925,2014,Southern Europe,5.462
2926,2015,Southern Europe,5.47
2927,2016,Southern Europe,5.589
2928,2017,Southern Europe,5.598
2929,2018,Southern Europe,5.898
2930,2019,Southern Europe,5.969
2931,2020,Southern Europe,5.948
2932,2021,Southern Europe,6.136
2933,2022,Southern Europe,5.632266666666666
2934,2005,Spain,6.5023125
2935,2006,Spain,7.074
2936,2007,Spain,6.995
2937,2008,Spain,7.294
2938,2009,Spain,6.199
2939,2010,Spain,6.188
2940,2011,Spain,6.518
2941,2012,Spain,6.291
2942,2013,Spain,6.15
2943,2014,Spain,6.456
2944,2015,Spain,6.381
2945,2016,Spain,6.319
2946,2017,Spain,6.23
2947,2018,Spain,6.513
2948,2019,Spain,6.457
2949,2020,Spain,6.502
2950,2021,Spain,6.47
2951,2022,Spain,6.5023125
2952,2005,Sri Lanka,4.335187499999999
2953,2006,Sri Lanka,4.345
2954,2007,Sri Lanka,4.415
2955,2008,Sri Lanka,4.431
2956,2009,Sri Lanka,4.212
2957,2010,Sri Lanka,3.977
2958,2011,Sri Lanka,4.181
2959,2012,Sri Lanka,4.225
2960,2013,Sri Lanka,4.365
2961,2014,Sri Lanka,4.268
2962,2015,Sri Lanka,4.612
2963,2016,Sri Lanka,4.472
2964,2017,Sri Lanka,4.331
2965,2018,Sri Lanka,4.435
2966,2019,Sri Lanka,4.213
2967,2020,Sri Lanka,4.778
2968,2021,Sri Lanka,4.103
2969,2022,Sri Lanka,4.335187499999999
2970,2005,Sub-Saharan Africa,4.266500000000001
2971,2006,Sub-Saharan Africa,4.266500000000001
2972,2007,Sub-Saharan Africa,4.266500000000001
2973,2008,Sub-Saharan Africa,4.266500000000001
2974,2009,Sub-Saharan Africa,4.266500000000001
2975,2010,Sub-Saharan Africa,4.266500000000001
2976,2011,Sub-Saharan Africa,4.266500000000001
2977,2012,Sub-Saharan Africa,4.276
2978,2013,Sub-Saharan Africa,4.028
2979,2014,Sub-Saharan Africa,4.118
2980,2015,Sub-Saharan Africa,4.208
2981,2016,Sub-Saharan Africa,4.118
2982,2017,Sub-Saharan Africa,4.353
2983,2018,Sub-Saharan Africa,4.534
2984,2019,Sub-Saharan Africa,4.497
2985,2020,Sub-Saharan Africa,4.266500000000001
2986,2021,Sub-Saharan Africa,4.266500000000001
2987,2022,Sub-Saharan Africa,4.266500000000001
2988,2005,Sudan,4.373
2989,2006,Sudan,4.373
2990,2007,Sudan,4.373
2991,2008,Sudan,4.373
2992,2009,Sudan,4.455
2993,2010,Sudan,4.435
2994,2011,Sudan,4.314
2995,2012,Sudan,4.55
2996,2013,Sudan,4.345
2997,2014,Sudan,4.139
2998,2015,Sudan,4.373
2999,2016,Sudan,4.373
3000,2017,Sudan,4.373
3001,2018,Sudan,4.373
3002,2019,Sudan,4.373
3003,2020,Sudan,4.373
3004,2021,Sudan,4.373
3005,2022,Sudan,4.373
3006,2005,Suriname,6.269
3007,2006,Suriname,6.269
3008,2007,Suriname,6.269
3009,2008,Suriname,6.269
3010,2009,Suriname,6.269
3011,2010,Suriname,6.269
3012,2011,Suriname,6.269
3013,2012,Suriname,6.269
3014,2013,Suriname,6.269
3015,2014,Suriname,6.269
3016,2015,Suriname,6.269
3017,2016,Suriname,6.269
3018,2017,Suriname,6.269
3019,2018,Suriname,6.269
3020,2019,Suriname,6.269
3021,2020,Suriname,6.269
3022,2021,Suriname,6.269
3023,2022,Suriname,6.269
3024,2005,Sweden,7.369624999999999
3025,2006,Sweden,7.309
3026,2007,Sweden,7.241
3027,2008,Sweden,7.516
3028,2009,Sweden,7.266
3029,2010,Sweden,7.496
3030,2011,Sweden,7.382
3031,2012,Sweden,7.56
3032,2013,Sweden,7.434
3033,2014,Sweden,7.239
3034,2015,Sweden,7.289
3035,2016,Sweden,7.369
3036,2017,Sweden,7.287
3037,2018,Sweden,7.375
3038,2019,Sweden,7.398
3039,2020,Sweden,7.314
3040,2021,Sweden,7.439
3041,2022,Sweden,7.369624999999999
3042,2005,Switzerland,7.5465625
3043,2006,Switzerland,7.473
3044,2007,Switzerland,7.49
3045,2008,Switzerland,7.508
3046,2009,Switzerland,7.525
3047,2010,Switzerland,7.609
3048,2011,Switzerland,7.692
3049,2012,Switzerland,7.776
3050,2013,Switzerland,7.635
3051,2014,Switzerland,7.493
3052,2015,Switzerland,7.572
3053,2016,Switzerland,7.459
3054,2017,Switzerland,7.474
3055,2018,Switzerland,7.509
3056,2019,Switzerland,7.694
3057,2020,Switzerland,7.508
3058,2021,Switzerland,7.328
3059,2022,Switzerland,7.5465625
3060,2005,Syria,3.8992500000000003
3061,2006,Syria,3.8992500000000003
3062,2007,Syria,3.8992500000000003
3063,2008,Syria,5.323
3064,2009,Syria,4.979
3065,2010,Syria,4.465
3066,2011,Syria,4.038
3067,2012,Syria,3.164
3068,2013,Syria,2.688
3069,2014,Syria,3.075
3070,2015,Syria,3.462
3071,2016,Syria,3.8992500000000003
3072,2017,Syria,3.8992500000000003
3073,2018,Syria,3.8992500000000003
3074,2019,Syria,3.8992500000000003
3075,2020,Syria,3.8992500000000003
3076,2021,Syria,3.8992500000000003
3077,2022,Syria,3.8992500000000003
3078,2005,Taiwan,6.2616249999999996
3079,2006,Taiwan,6.189
3080,2007,Taiwan,5.869
3081,2008,Taiwan,5.548
3082,2009,Taiwan,5.889
3083,2010,Taiwan,6.229
3084,2011,Taiwan,6.309
3085,2012,Taiwan,6.126
3086,2013,Taiwan,6.34
3087,2014,Taiwan,6.363
3088,2015,Taiwan,6.45
3089,2016,Taiwan,6.513
3090,2017,Taiwan,6.359
3091,2018,Taiwan,6.467
3092,2019,Taiwan,6.537
3093,2020,Taiwan,6.751
3094,2021,Taiwan,6.247
3095,2022,Taiwan,6.2616249999999996
3096,2005,Tajikistan,4.960375000000001
3097,2006,Tajikistan,4.613
3098,2007,Tajikistan,4.432
3099,2008,Tajikistan,5.064
3100,2009,Tajikistan,4.575
3101,2010,Tajikistan,4.381
3102,2011,Tajikistan,4.263
3103,2012,Tajikistan,4.497
3104,2013,Tajikistan,4.967
3105,2014,Tajikistan,4.896
3106,2015,Tajikistan,5.124
3107,2016,Tajikistan,5.104
3108,2017,Tajikistan,5.829
3109,2018,Tajikistan,5.497
3110,2019,Tajikistan,5.464
3111,2020,Tajikistan,5.373
3112,2021,Tajikistan,5.287
3113,2022,Tajikistan,4.960375000000001
3114,2005,Tanzania,3.6963125
3115,2006,Tanzania,3.922
3116,2007,Tanzania,4.318
3117,2008,Tanzania,4.385
3118,2009,Tanzania,3.408
3119,2010,Tanzania,3.229
3120,2011,Tanzania,4.074
3121,2012,Tanzania,4.007
3122,2013,Tanzania,3.852
3123,2014,Tanzania,3.483
3124,2015,Tanzania,3.661
3125,2016,Tanzania,2.903
3126,2017,Tanzania,3.347
3127,2018,Tanzania,3.445
3128,2019,Tanzania,3.64
3129,2020,Tanzania,3.786
3130,2021,Tanzania,3.681
3131,2022,Tanzania,3.6963125
3132,2005,Thailand,6.059375
3133,2006,Thailand,5.885
3134,2007,Thailand,5.784
3135,2008,Thailand,5.636
3136,2009,Thailand,5.476
3137,2010,Thailand,6.217
3138,2011,Thailand,6.664
3139,2012,Thailand,6.3
3140,2013,Thailand,6.231
3141,2014,Thailand,6.985
3142,2015,Thailand,6.202
3143,2016,Thailand,6.074
3144,2017,Thailand,5.939
3145,2018,Thailand,6.012
3146,2019,Thailand,6.022
3147,2020,Thailand,5.885
3148,2021,Thailand,5.638
3149,2022,Thailand,6.059375
3150,2005,Togo,3.4164999999999996
3151,2006,Togo,3.202
3152,2007,Togo,3.005
3153,2008,Togo,2.808
3154,2009,Togo,2.851
3155,2010,Togo,2.893
3156,2011,Togo,2.936
3157,2012,Togo,2.904
3158,2013,Togo,2.871
3159,2014,Togo,2.839
3160,2015,Togo,3.768
3161,2016,Togo,3.879
3162,2017,Togo,4.361
3163,2018,Togo,4.023
3164,2019,Togo,4.179
3165,2020,Togo,4.108
3166,2021,Togo,4.037
3167,2022,Togo,3.4164999999999996
3168,2005,Trinidad and Tobago,6.314166666666666
3169,2006,Trinidad and Tobago,5.832
3170,2007,Trinidad and Tobago,6.264
3171,2008,Trinidad and Tobago,6.696
3172,2009,Trinidad and Tobago,6.637
3173,2010,Trinidad and Tobago,6.578
3174,2011,Trinidad and Tobago,6.519
3175,2012,Trinidad and Tobago,6.344
3176,2013,Trinidad and Tobago,6.168
3177,2014,Trinidad and Tobago,6.174
3178,2015,Trinidad and Tobago,6.18
3179,2016,Trinidad and Tobago,6.186
3180,2017,Trinidad and Tobago,6.192
3181,2018,Trinidad and Tobago,6.314166666666666
3182,2019,Trinidad and Tobago,6.314166666666666
3183,2020,Trinidad and Tobago,6.314166666666666
3184,2021,Trinidad and Tobago,6.314166666666666
3185,2022,Trinidad and Tobago,6.314166666666666
3186,2005,Tunisia,4.736076923076924
3187,2006,Tunisia,4.736076923076924
3188,2007,Tunisia,4.736076923076924
3189,2008,Tunisia,4.736076923076924
3190,2009,Tunisia,5.025
3191,2010,Tunisia,5.131
3192,2011,Tunisia,4.876
3193,2012,Tunisia,4.464
3194,2013,Tunisia,5.246
3195,2014,Tunisia,4.764
3196,2015,Tunisia,5.132
3197,2016,Tunisia,4.521
3198,2017,Tunisia,4.124
3199,2018,Tunisia,4.741
3200,2019,Tunisia,4.315
3201,2020,Tunisia,4.731
3202,2021,Tunisia,4.499
3203,2022,Tunisia,4.736076923076924
3204,2005,Turkey,5.212375000000001
3205,2006,Turkey,5.171
3206,2007,Turkey,5.623
3207,2008,Turkey,5.118
3208,2009,Turkey,5.213
3209,2010,Turkey,5.49
3210,2011,Turkey,5.272
3211,2012,Turkey,5.309
3212,2013,Turkey,4.888
3213,2014,Turkey,5.58
3214,2015,Turkey,5.514
3215,2016,Turkey,5.326
3216,2017,Turkey,5.607
3217,2018,Turkey,5.186
3218,2019,Turkey,4.872
3219,2020,Turkey,4.862
3220,2021,Turkey,4.367
3221,2022,Turkey,5.212375000000001
3222,2005,Turkmenistan,5.653181818181818
3223,2006,Turkmenistan,5.653181818181818
3224,2007,Turkmenistan,5.653181818181818
3225,2008,Turkmenistan,5.653181818181818
3226,2009,Turkmenistan,6.568
3227,2010,Turkmenistan,6.18
3228,2011,Turkmenistan,5.792
3229,2012,Turkmenistan,5.464
3230,2013,Turkmenistan,5.392
3231,2014,Turkmenistan,5.787
3232,2015,Turkmenistan,5.791
3233,2016,Turkmenistan,5.887
3234,2017,Turkmenistan,5.229
3235,2018,Turkmenistan,4.621
3236,2019,Turkmenistan,5.474
3237,2020,Turkmenistan,5.653181818181818
3238,2021,Turkmenistan,5.653181818181818
3239,2022,Turkmenistan,5.653181818181818
3240,2005,Uganda,4.2991875
3241,2006,Uganda,3.734
3242,2007,Uganda,4.456
3243,2008,Uganda,4.569
3244,2009,Uganda,4.612
3245,2010,Uganda,4.193
3246,2011,Uganda,4.826
3247,2012,Uganda,4.309
3248,2013,Uganda,3.71
3249,2014,Uganda,3.77
3250,2015,Uganda,4.238
3251,2016,Uganda,4.233
3252,2017,Uganda,4.001
3253,2018,Uganda,4.322
3254,2019,Uganda,4.948
3255,2020,Uganda,4.641
3256,2021,Uganda,4.225
3257,2022,Uganda,4.2991875
3258,2005,Ukraine,4.8014375000000005
3259,2006,Ukraine,4.804
3260,2007,Ukraine,5.252
3261,2008,Ukraine,5.172
3262,2009,Ukraine,5.166
3263,2010,Ukraine,5.058
3264,2011,Ukraine,5.083
3265,2012,Ukraine,5.03
3266,2013,Ukraine,4.711
3267,2014,Ukraine,4.297
3268,2015,Ukraine,3.965
3269,2016,Ukraine,4.029
3270,2017,Ukraine,4.311
3271,2018,Ukraine,4.662
3272,2019,Ukraine,4.702
3273,2020,Ukraine,5.27
3274,2021,Ukraine,5.311
3275,2022,Ukraine,4.8014375000000005
3276,2005,United Arab Emirates,6.7961875
3277,2006,United Arab Emirates,6.734
3278,2007,United Arab Emirates,6.778
3279,2008,United Arab Emirates,6.822
3280,2009,United Arab Emirates,6.866
3281,2010,United Arab Emirates,7.097
3282,2011,United Arab Emirates,7.119
3283,2012,United Arab Emirates,7.218
3284,2013,United Arab Emirates,6.621
3285,2014,United Arab Emirates,6.54
3286,2015,United Arab Emirates,6.568
3287,2016,United Arab Emirates,6.831
3288,2017,United Arab Emirates,7.039
3289,2018,United Arab Emirates,6.604
3290,2019,United Arab Emirates,6.711
3291,2020,United Arab Emirates,6.458
3292,2021,United Arab Emirates,6.733
3293,2022,United Arab Emirates,6.7961875
3294,2005,United Kingdom,6.90875
3295,2006,United Kingdom,6.893
3296,2007,United Kingdom,6.802
3297,2008,United Kingdom,6.986
3298,2009,United Kingdom,6.907
3299,2010,United Kingdom,7.029
3300,2011,United Kingdom,6.869
3301,2012,United Kingdom,6.881
3302,2013,United Kingdom,6.918
3303,2014,United Kingdom,6.758
3304,2015,United Kingdom,6.515
3305,2016,United Kingdom,6.824
3306,2017,United Kingdom,7.103
3307,2018,United Kingdom,7.233
3308,2019,United Kingdom,7.157
3309,2020,United Kingdom,6.798
3310,2021,United Kingdom,6.867
3311,2022,United Kingdom,6.90875
3312,2005,United States,7.082000000000001
3313,2006,United States,7.182
3314,2007,United States,7.513
3315,2008,United States,7.28
3316,2009,United States,7.158
3317,2010,United States,7.164
3318,2011,United States,7.115
3319,2012,United States,7.026
3320,2013,United States,7.249
3321,2014,United States,7.151
3322,2015,United States,6.864
3323,2016,United States,6.804
3324,2017,United States,6.992
3325,2018,United States,6.883
3326,2019,United States,6.944
3327,2020,United States,7.028
3328,2021,United States,6.959
3329,2022,United States,7.082000000000001
3330,2005,Upper Middle Income Countries,5.45375
3331,2006,Upper Middle Income Countries,5.285
3332,2007,Upper Middle Income Countries,5.306
3333,2008,Upper Middle Income Countries,5.448
3334,2009,Upper Middle Income Countries,5.494
3335,2010,Upper Middle Income Countries,5.353
3336,2011,Upper Middle Income Countries,5.375
3337,2012,Upper Middle Income Countries,5.493
3338,2013,Upper Middle Income Countries,5.458
3339,2014,Upper Middle Income Countries,5.505
3340,2015,Upper Middle Income Countries,5.461
3341,2016,Upper Middle Income Countries,5.472
3342,2017,Upper Middle Income Countries,5.433
3343,2018,Upper Middle Income Countries,5.485
3344,2019,Upper Middle Income Countries,5.617
3345,2020,Upper Middle Income Countries,5.518
3346,2021,Upper Middle Income Countries,5.557
3347,2022,Upper Middle Income Countries,5.45375
3348,2005,Uruguay,6.2768749999999995
3349,2006,Uruguay,5.786
3350,2007,Uruguay,5.694
3351,2008,Uruguay,5.664
3352,2009,Uruguay,6.296
3353,2010,Uruguay,6.062
3354,2011,Uruguay,6.554
3355,2012,Uruguay,6.45
3356,2013,Uruguay,6.444
3357,2014,Uruguay,6.561
3358,2015,Uruguay,6.628
3359,2016,Uruguay,6.171
3360,2017,Uruguay,6.336
3361,2018,Uruguay,6.372
3362,2019,Uruguay,6.6
3363,2020,Uruguay,6.31
3364,2021,Uruguay,6.502
3365,2022,Uruguay,6.2768749999999995
3366,2005,Uzbekistan,5.786812500000001
3367,2006,Uzbekistan,5.232
3368,2007,Uzbekistan,5.271
3369,2008,Uzbekistan,5.311
3370,2009,Uzbekistan,5.261
3371,2010,Uzbekistan,5.095
3372,2011,Uzbekistan,5.739
3373,2012,Uzbekistan,6.019
3374,2013,Uzbekistan,5.94
3375,2014,Uzbekistan,6.049
3376,2015,Uzbekistan,5.972
3377,2016,Uzbekistan,5.893
3378,2017,Uzbekistan,6.421
3379,2018,Uzbekistan,6.205
3380,2019,Uzbekistan,6.154
3381,2020,Uzbekistan,5.842
3382,2021,Uzbekistan,6.185
3383,2022,Uzbekistan,5.786812500000001
3384,2005,Venezuela,5.914250000000001
3385,2006,Venezuela,6.525
3386,2007,Venezuela,6.392
3387,2008,Venezuela,6.258
3388,2009,Venezuela,7.189
3389,2010,Venezuela,7.478
3390,2011,Venezuela,6.58
3391,2012,Venezuela,7.067
3392,2013,Venezuela,6.553
3393,2014,Venezuela,6.136
3394,2015,Venezuela,5.569
3395,2016,Venezuela,4.041
3396,2017,Venezuela,5.071
3397,2018,Venezuela,5.006
3398,2019,Venezuela,5.081
3399,2020,Venezuela,4.574
3400,2021,Venezuela,5.108
3401,2022,Venezuela,5.914250000000001
3402,2005,Vietnam,5.33025
3403,2006,Vietnam,5.294
3404,2007,Vietnam,5.422
3405,2008,Vietnam,5.48
3406,2009,Vietnam,5.304
3407,2010,Vietnam,5.296
3408,2011,Vietnam,5.767
3409,2012,Vietnam,5.535
3410,2013,Vietnam,5.023
3411,2014,Vietnam,5.085
3412,2015,Vietnam,5.076
3413,2016,Vietnam,5.062
3414,2017,Vietnam,5.175
3415,2018,Vietnam,5.296
3416,2019,Vietnam,5.467
3417,2020,Vietnam,5.462
3418,2021,Vietnam,5.54
3419,2022,Vietnam,5.33025
3420,2005,West Bank and Gaza,4.628000000000001
3421,2006,West Bank and Gaza,4.716
3422,2007,West Bank and Gaza,4.151
3423,2008,West Bank and Gaza,4.386
3424,2009,West Bank and Gaza,4.47
3425,2010,West Bank and Gaza,4.703
3426,2011,West Bank and Gaza,4.751
3427,2012,West Bank and Gaza,4.647
3428,2013,West Bank and Gaza,4.844
3429,2014,West Bank and Gaza,4.722
3430,2015,West Bank and Gaza,4.695
3431,2016,West Bank and Gaza,4.907
3432,2017,West Bank and Gaza,4.628
3433,2018,West Bank and Gaza,4.554
3434,2019,West Bank and Gaza,4.483
3435,2020,West Bank and Gaza,4.625
3436,2021,West Bank and Gaza,4.766
3437,2022,West Bank and Gaza,4.628000000000001
3438,2005,Western Africa,4.321625
3439,2006,Western Africa,3.93
3440,2007,Western Africa,3.998
3441,2008,Western Africa,4.066
3442,2009,Western Africa,4.351
3443,2010,Western Africa,4.304
3444,2011,Western Africa,4.252
3445,2012,Western Africa,4.2
3446,2013,Western Africa,3.998
3447,2014,Western Africa,4.041
3448,2015,Western Africa,4.083
3449,2016,Western Africa,4.26
3450,2017,Western Africa,4.709
3451,2018,Western Africa,4.827
3452,2019,Western Africa,4.761
3453,2020,Western Africa,4.891
3454,2021,Western Africa,4.475
3455,2022,Western Africa,4.321625
3456,2005,Western Asia,5.4024
3457,2006,Western Asia,5.4024
3458,2007,Western Asia,5.4024
3459,2008,Western Asia,5.4024
3460,2009,Western Asia,5.535
3461,2010,Western Asia,5.503
3462,2011,Western Asia,5.478
3463,2012,Western Asia,5.236
3464,2013,Western Asia,5.322
3465,2014,Western Asia,5.489
3466,2015,Western Asia,5.215
3467,2016,Western Asia,5.469
3468,2017,Western Asia,5.445
3469,2018,Western Asia,5.332
3470,2019,Western Asia,5.4024
3471,2020,Western Asia,5.4024
3472,2021,Western Asia,5.4024
3473,2022,Western Asia,5.4024
3474,2005,Western Europe,7.0810625
3475,2006,Western Europe,7.104
3476,2007,Western Europe,7.098
3477,2008,Western Europe,7.092
3478,2009,Western Europe,6.852
3479,2010,Western Europe,7.046
3480,2011,Western Europe,7.138
3481,2012,Western Europe,7.128
3482,2013,Western Europe,7.129
3483,2014,Western Europe,6.994
3484,2015,Western Europe,6.996
3485,2016,Western Europe,7.045
3486,2017,Western Europe,7.132
3487,2018,Western Europe,7.184
3488,2019,Western Europe,7.174
3489,2020,Western Europe,7.182
3490,2021,Western Europe,7.003
3491,2022,Western Europe,7.0810625
3492,2005,World,5.474066666666667
3493,2006,World,5.474066666666667
3494,2007,World,5.421
3495,2008,World,5.418
3496,2009,World,5.458
3497,2010,World,5.502
3498,2011,World,5.445
3499,2012,World,5.452
3500,2013,World,5.397
3501,2014,World,5.387
3502,2015,World,5.399
3503,2016,World,5.397
3504,2017,World,5.455
3505,2018,World,5.493
3506,2019,World,5.561
3507,2020,World,5.727
3508,2021,World,5.599
3509,2022,World,5.474066666666667
3510,2005,Yemen,3.968461538461539
3511,2006,Yemen,3.968461538461539
3512,2007,Yemen,4.477
3513,2008,Yemen,4.643
3514,2009,Yemen,4.809
3515,2010,Yemen,4.35
3516,2011,Yemen,3.746
3517,2012,Yemen,4.061
3518,2013,Yemen,4.218
3519,2014,Yemen,3.968
3520,2015,Yemen,2.983
3521,2016,Yemen,3.826
3522,2017,Yemen,3.254
3523,2018,Yemen,3.058
3524,2019,Yemen,4.197
3525,2020,Yemen,3.968461538461539
3526,2021,Yemen,3.968461538461539
3527,2022,Yemen,3.968461538461539
3528,2005,Zambia,4.495999999999999
3529,2006,Zambia,4.824
3530,2007,Zambia,3.998
3531,2008,Zambia,4.73
3532,2009,Zambia,5.26
3533,2010,Zambia,5.13
3534,2011,Zambia,4.999
3535,2012,Zambia,5.013
3536,2013,Zambia,5.244
3537,2014,Zambia,4.346
3538,2015,Zambia,4.843
3539,2016,Zambia,4.348
3540,2017,Zambia,3.933
3541,2018,Zambia,4.041
3542,2019,Zambia,3.307
3543,2020,Zambia,4.838
3544,2021,Zambia,3.082
3545,2022,Zambia,4.495999999999999
3546,2005,Zimbabwe,3.8371250000000003
3547,2006,Zimbabwe,3.826
3548,2007,Zimbabwe,3.28
3549,2008,Zimbabwe,3.174
3550,2009,Zimbabwe,4.056
3551,2010,Zimbabwe,4.682
3552,2011,Zimbabwe,4.846
3553,2012,Zimbabwe,4.955
3554,2013,Zimbabwe,4.69
3555,2014,Zimbabwe,4.184
3556,2015,Zimbabwe,3.703
3557,2016,Zimbabwe,3.735
3558,2017,Zimbabwe,3.638
3559,2018,Zimbabwe,3.616
3560,2019,Zimbabwe,2.694
3561,2020,Zimbabwe,3.16
3562,2021,Zimbabwe,3.155
3563,2022,Zimbabwe,3.8371250000000003
